DATE,SERIES,OPEN,HIGH,LOW,PREV. CLOSE,LTP,CLOSE,VWAP,52W H,52W L,VOLUME,VALUE,NO. OF  TRADES
20-Feb-2026,EQ,"4,200.50","4,252.10","4,200.20","4,198.20","4,232.00","4,236.40","4,239.50","4,378.40","2,925.00",532169,"2,25,61,28,873.50",45975
19-Feb-2026,EQ,"4,225.00","4,261.00","4,191.00","4,248.60","4,197.50","4,198.20","4,225.08","4,378.40","2,925.00",406232,"1,71,63,61,201.70",30185
18-Feb-2026,EQ,"4,251.00","4,257.90","4,214.30","4,236.40","4,251.00","4,248.60","4,244.49","4,378.40","2,925.00",387328,"1,64,40,10,703.10",41417
17-Feb-2026,EQ,"4,167.10","4,244.90","4,155.00","4,181.10","4,236.00","4,236.40","4,222.66","4,378.40","2,925.00",464123,"1,95,98,31,667.10",44562
16-Feb-2026,EQ,"4,155.00","4,196.00","4,128.80","4,179.20","4,172.00","4,181.10","4,170.40","4,378.40","2,925.00",500349,"2,08,66,54,574.90",45402
13-Feb-2026,EQ,"4,267.30","4,271.80","4,164.80","4,275.80","4,175.00","4,179.20","4,215.93","4,378.40","2,925.00",524758,"2,21,23,41,354.20",54022
12-Feb-2026,EQ,"4,232.40","4,286.40","4,182.30","4,249.10","4,267.00","4,275.80","4,245.22","4,378.40","2,925.00",998509,"4,23,88,90,373.50",82172
11-Feb-2026,EQ,"4,350.00","4,378.40","4,208.00","4,269.10","4,238.00","4,249.10","4,287.64","4,378.40","2,925.00",3342226,"14,33,02,75,044.10",200651
10-Feb-2026,EQ,"4,300.00","4,329.60","4,239.60","4,257.80","4,293.80","4,269.10","4,281.93","4,329.60","2,925.00",1713633,"7,33,76,60,108.00",111431
09-Feb-2026,EQ,"4,200.20","4,269.40","4,155.00","4,141.00","4,267.00","4,257.80","4,223.31","4,312.10","2,925.00",1092387,"4,61,34,84,606.30",73392
06-Feb-2026,EQ,"4,097.60","4,154.00","4,065.30","4,097.60","4,140.80","4,141.00","4,122.54","4,312.10","2,925.00",888701,"3,66,37,04,991.70",72975
05-Feb-2026,EQ,"4,152.30","4,152.30","4,063.10","4,144.00","4,106.70","4,097.60","4,091.05","4,312.10","2,925.00",693637,"2,83,77,04,631.00",49485
04-Feb-2026,EQ,"4,087.00","4,160.00","4,066.20","4,068.60","4,135.10","4,144.00","4,131.62","4,312.10","2,925.00",917279,"3,78,98,47,059.50",67222
03-Feb-2026,EQ,"4,143.00","4,143.00","4,044.10","3,953.20","4,080.30","4,068.60","4,080.43","4,312.10","2,925.00",1043274,"4,25,70,09,744.80",90644
02-Feb-2026,EQ,"4,000.00","4,000.00","3,893.30","3,985.30","3,961.80","3,953.20","3,934.73","4,312.10","2,925.00",1273196,"5,00,96,86,663.30",97721
01-Feb-2026,EQ,"3,988.00","4,143.50","3,870.40","3,977.40","3,944.00","3,985.30","4,022.90","4,312.10","2,925.00",1114181,"4,48,22,33,497.30",70200
30-Jan-2026,EQ,"3,945.00","3,995.00","3,909.80","3,939.70","3,982.10","3,977.40","3,966.09","4,312.10","2,925.00",1427639,"5,66,21,42,860.30",72896
29-Jan-2026,EQ,"3,960.80","3,968.60","3,843.10","3,975.20","3,945.00","3,939.70","3,900.15","4,312.10","2,925.00",1145612,"4,46,80,55,391.20",142577
28-Jan-2026,EQ,"4,002.00","4,025.80","3,964.90","3,997.00","3,980.00","3,975.20","3,983.13","4,312.10","2,925.00",809022,"3,22,24,39,594.00",61761
27-Jan-2026,EQ,"4,021.80","4,040.00","3,955.00","4,021.80","4,003.00","3,997.00","3,993.26","4,312.10","2,925.00",1760501,"7,03,01,38,323.70",110670
23-Jan-2026,EQ,"4,025.10","4,063.30","3,980.00","4,018.60","4,020.20","4,021.80","4,037.23","4,312.10","2,925.00",1015415,"4,09,94,67,780.70",82609
22-Jan-2026,EQ,"4,099.00","4,128.00","3,980.80","4,079.20","4,022.10","4,018.60","4,026.50","4,312.10","2,925.00",818966,"3,29,75,68,404.40",65636
21-Jan-2026,EQ,"4,075.50","4,109.90","4,053.50","4,075.50","4,090.70","4,079.20","4,079.31","4,312.10","2,925.00",552760,"2,25,48,81,652.90",87111
20-Jan-2026,EQ,"4,155.00","4,155.00","4,064.30","4,144.10","4,070.00","4,075.50","4,101.88","4,312.10","2,925.00",586156,"2,40,43,42,207.70",73277
19-Jan-2026,EQ,"4,165.70","4,207.40","4,129.10","4,196.90","4,140.00","4,144.10","4,155.78","4,312.10","2,925.00",365905,"1,52,06,20,577.20",49384
16-Jan-2026,EQ,"4,221.50","4,236.40","4,181.10","4,221.50","4,194.40","4,196.90","4,211.01","4,312.10","2,925.00",686949,"2,89,27,51,563.80",69324
14-Jan-2026,EQ,"4,241.90","4,283.00","4,211.00","4,239.20","4,215.00","4,221.50","4,244.05","4,312.10","2,925.00",998692,"4,23,85,03,322.30",66594
13-Jan-2026,EQ,"4,231.60","4,267.60","4,210.00","4,231.60","4,233.50","4,239.20","4,245.02","4,312.10","2,925.00",770707,"3,27,16,69,713.20",48583
12-Jan-2026,EQ,"4,205.00","4,242.00","4,145.00","4,201.80","4,228.60","4,231.60","4,194.15","4,312.10","2,925.00",514767,"2,15,90,11,700.90",64099
09-Jan-2026,EQ,"4,231.00","4,279.00","4,183.10","4,249.00","4,205.00","4,201.80","4,214.65","4,312.10","2,925.00",883117,"3,72,20,30,066.90",64035
08-Jan-2026,EQ,"4,273.20","4,303.20","4,239.00","4,273.20","4,242.20","4,249.00","4,270.85","4,312.10","2,925.00",1055725,"4,50,88,45,482.00",78371
07-Jan-2026,EQ,"4,225.00","4,312.10","4,202.00","4,111.80","4,273.90","4,273.20","4,275.23","4,312.10","2,925.00",3496340,"14,94,76,44,025.70",201910
06-Jan-2026,EQ,"4,079.70","4,120.50","4,068.50","4,079.70","4,112.00","4,111.80","4,100.58","4,120.50","2,925.00",820331,"3,36,38,33,259.30",54530
05-Jan-2026,EQ,"4,051.70","4,094.00","4,046.00","4,051.70","4,076.00","4,079.70","4,078.84","4,094.00","2,925.00",629273,"2,56,67,03,033.80",48473
02-Jan-2026,EQ,"4,039.00","4,060.00","3,986.20","4,049.30","4,050.30","4,051.70","4,038.19","4,068.00","2,925.00",659997,"2,66,51,90,286.80",49671
01-Jan-2026,EQ,"4,063.70","4,068.00","4,035.70","4,051.50","4,049.40","4,049.30","4,052.33","4,068.00","2,925.00",444679,"1,80,19,84,173.70",46443
31-Dec-2025,EQ,"3,984.00","4,061.90","3,975.10","3,974.10","4,048.00","4,051.50","4,047.56","4,061.90","2,925.00",1358731,"5,49,95,42,591.70",75944
30-Dec-2025,EQ,"3,982.00","3,993.50","3,954.10","3,983.70","3,973.00","3,974.10","3,978.61","4,031.70","2,925.00",1169570,"4,65,32,63,576.10",81600
29-Dec-2025,EQ,"4,010.00","4,031.70","3,978.00","3,992.00","3,985.00","3,983.70","4,006.24","4,031.70","2,925.00",1242846,"4,97,91,33,601.00",104232
26-Dec-2025,EQ,"3,908.90","4,006.90","3,900.00","3,909.30","3,994.00","3,992.00","3,980.01","4,006.90","2,925.00",1113050,"4,42,99,46,017.10",71810
24-Dec-2025,EQ,"3,925.80","3,935.00","3,900.00","3,925.80","3,920.00","3,909.30","3,912.46","3,961.90","2,925.00",399227,"1,56,19,57,934.90",27447
23-Dec-2025,EQ,"3,933.80","3,956.30","3,916.40","3,933.80","3,916.60","3,925.80","3,937.52","3,961.90","2,925.00",445656,"1,75,47,79,175.00",38814
22-Dec-2025,EQ,"3,940.00","3,950.80","3,917.10","3,930.10","3,928.20","3,933.80","3,935.00","3,961.90","2,925.00",569521,"2,24,10,67,512.50",59275
19-Dec-2025,EQ,"3,919.00","3,961.90","3,913.00","3,919.30","3,933.50","3,930.10","3,937.88","3,961.90","2,925.00",730780,"2,87,77,27,024.30",73468
18-Dec-2025,EQ,"3,900.00","3,924.00","3,890.10","3,907.90","3,919.90","3,919.30","3,909.92","3,956.00","2,925.00",516547,"2,01,96,56,248.20",46918
17-Dec-2025,EQ,"3,930.00","3,935.70","3,890.00","3,929.50","3,906.90","3,907.90","3,913.18","3,956.00","2,925.00",601010,"2,35,18,58,656.60",56339
16-Dec-2025,EQ,"3,850.00","3,937.50","3,828.00","3,866.20","3,930.00","3,929.50","3,904.79","3,956.00","2,925.00",1560827,"6,09,47,05,839.20",91372
15-Dec-2025,EQ,"3,861.30","3,876.40","3,850.00","3,880.20","3,855.00","3,866.20","3,863.41","3,956.00","2,925.00",332337,"1,28,39,54,565.70",36163
12-Dec-2025,EQ,"3,844.80","3,894.80","3,831.90","3,844.80","3,871.00","3,880.20","3,875.31","3,956.00","2,925.00",547866,"2,12,31,50,900.80",45620
11-Dec-2025,EQ,"3,830.40","3,855.80","3,777.00","3,845.70","3,850.00","3,844.80","3,830.09","3,956.00","2,925.00",669180,"2,56,30,19,540.30",49602
10-Dec-2025,EQ,"3,831.00","3,858.20","3,825.60","3,849.00","3,830.40","3,845.70","3,843.07","3,956.00","2,925.00",616248,"2,36,82,82,974.40",50470
09-Dec-2025,EQ,"3,775.00","3,874.00","3,751.00","3,767.00","3,840.10","3,849.00","3,834.45","3,956.00","2,925.00",1121068,"4,29,86,81,982.90",92653
08-Dec-2025,EQ,"3,796.30","3,825.00","3,758.10","3,813.30","3,760.50","3,767.00","3,792.22","3,956.00","2,925.00",545864,"2,07,00,35,083.90",80449
05-Dec-2025,EQ,"3,777.00","3,828.00","3,777.00","3,800.40","3,813.00","3,813.30","3,815.44","3,956.00","2,925.00",508448,"1,93,99,55,053.20",33788
04-Dec-2025,EQ,"3,805.00","3,830.00","3,778.00","3,817.80","3,794.00","3,800.40","3,806.67","3,956.00","2,925.00",776693,"2,95,66,13,836.40",68347
03-Dec-2025,EQ,"3,870.00","3,880.00","3,785.90","3,885.80","3,820.00","3,817.80","3,834.25","3,956.00","2,925.00",770638,"2,95,48,21,683.90",63741
02-Dec-2025,EQ,"3,875.00","3,899.60","3,867.50","3,894.90","3,886.50","3,885.80","3,883.61","3,956.00","2,925.00",661018,"2,56,71,38,009.50",56435
01-Dec-2025,EQ,"3,907.70","3,910.70","3,861.30","3,907.70","3,888.00","3,894.90","3,884.58","3,956.00","2,925.00",603073,"2,34,26,86,154.50",54745
28-Nov-2025,EQ,"3,906.20","3,934.90","3,896.50","3,903.30","3,900.00","3,907.70","3,913.89","3,956.00","2,925.00",574817,"2,24,97,70,708.40",51721
27-Nov-2025,EQ,"3,900.60","3,927.00","3,875.10","3,897.70","3,907.50","3,903.30","3,907.77","3,956.00","2,925.00",542241,"2,11,89,52,439.50",50635
26-Nov-2025,EQ,"3,845.00","3,914.50","3,843.50","3,855.10","3,899.60","3,897.70","3,893.74","3,956.00","2,925.00",364592,"1,41,96,24,757.80",43153
25-Nov-2025,EQ,"3,874.40","3,908.40","3,845.00","3,874.30","3,847.10","3,855.10","3,872.42","3,956.00","2,925.00",680366,"2,63,46,60,808.60",48164
24-Nov-2025,EQ,"3,915.50","3,937.20","3,865.00","3,904.20","3,892.20","3,874.30","3,885.15","3,956.00","2,925.00",1258036,"4,88,76,61,579.70",68977
21-Nov-2025,EQ,"3,901.00","3,925.00","3,882.10","3,902.40","3,902.10","3,904.20","3,906.36","3,956.00","2,925.00",383311,"1,49,73,52,037.70",43858
20-Nov-2025,EQ,"3,950.00","3,956.00","3,895.00","3,933.10","3,900.00","3,902.40","3,926.19","3,956.00","2,925.00",762391,"2,99,32,94,005.00",63827
19-Nov-2025,EQ,"3,882.90","3,940.50","3,862.40","3,879.20","3,934.80","3,933.10","3,914.00","3,940.50","2,925.00",1578123,"6,17,67,70,099.90",76028
18-Nov-2025,EQ,"3,865.00","3,900.00","3,841.60","3,868.60","3,885.00","3,879.20","3,869.17","3,900.00","2,925.00",849966,"3,28,86,62,094.70",42250
17-Nov-2025,EQ,"3,848.00","3,874.30","3,821.50","3,829.20","3,863.90","3,868.60","3,859.27","3,877.00","2,925.00",504928,"1,94,86,51,813.80",36355
14-Nov-2025,EQ,"3,839.20","3,854.70","3,800.00","3,839.20","3,816.10","3,829.20","3,822.33","3,877.00","2,925.00",575050,"2,19,80,29,846.20",52894
13-Nov-2025,EQ,"3,860.00","3,867.90","3,817.00","3,851.10","3,839.30","3,839.20","3,839.26","3,877.00","2,925.00",668623,"2,56,70,19,950.80",46378
12-Nov-2025,EQ,"3,838.00","3,877.00","3,804.20","3,812.40","3,834.00","3,851.10","3,854.93","3,877.00","2,925.00",805025,"3,10,33,15,362.40",77241
11-Nov-2025,EQ,"3,810.50","3,820.00","3,752.10","3,803.00","3,809.10","3,812.40","3,792.60","3,837.70","2,925.00",668789,"2,53,64,48,558.50",42317
10-Nov-2025,EQ,"3,788.00","3,815.00","3,769.30","3,769.30","3,800.00","3,803.00","3,799.84","3,837.70","2,925.00",599567,"2,27,82,58,786.50",38351
07-Nov-2025,EQ,"3,766.00","3,792.00","3,736.00","3,774.40","3,768.00","3,769.30","3,769.48","3,837.70","2,925.00",728998,"2,74,79,40,771.30",44483
06-Nov-2025,EQ,"3,780.00","3,837.70","3,761.60","3,813.50","3,770.00","3,774.40","3,792.65","3,837.70","2,925.00",927231,"3,51,66,64,336.00",66738
04-Nov-2025,EQ,"3,724.50","3,827.00","3,715.00","3,724.50","3,810.00","3,813.50","3,796.02","3,827.00","2,925.00",2524600,"9,58,34,31,974.60",145802
03-Nov-2025,EQ,"3,730.00","3,762.00","3,667.30","3,746.70","3,731.40","3,724.50","3,721.20","3,800.00","2,925.00",1119367,"4,16,53,89,760.60",73994
31-Oct-2025,EQ,"3,758.90","3,783.00","3,739.50","3,750.70","3,743.10","3,746.70","3,758.79","3,800.00","2,925.00",900994,"3,38,66,49,048.00",50278
30-Oct-2025,EQ,"3,745.00","3,773.90","3,720.10","3,748.30","3,753.40","3,750.70","3,747.68","3,800.00","2,925.00",544151,"2,03,93,03,251.40",45411
29-Oct-2025,EQ,"3,734.20","3,753.50","3,714.20","3,717.00","3,742.00","3,748.30","3,739.07","3,800.00","2,925.00",789557,"2,95,22,06,172.80",53913
28-Oct-2025,EQ,"3,750.00","3,770.00","3,688.10","3,739.80","3,737.00","3,717.00","3,715.96","3,800.00","2,925.00",1482961,"5,51,06,18,181.30",88448
27-Oct-2025,EQ,"3,714.00","3,753.90","3,710.00","3,714.90","3,733.00","3,739.80","3,735.78","3,800.00","2,925.00",856124,"3,19,82,87,834.50",66145
24-Oct-2025,EQ,"3,775.00","3,781.00","3,706.10","3,772.30","3,718.00","3,714.90","3,724.38","3,800.00","2,925.00",563296,"2,09,79,28,277.80",55383
23-Oct-2025,EQ,"3,765.00","3,800.00","3,738.30","3,729.00","3,763.30","3,772.30","3,771.34","3,800.00","2,925.00",1622402,"6,11,86,22,056.80",132329
21-Oct-2025,EQ,"3,737.20","3,746.00","3,719.00","3,737.20","3,743.30","3,729.00","3,733.71","3,749.90","2,925.00",156306,"58,36,01,050.80",11529
20-Oct-2025,EQ,"3,680.00","3,749.90","3,676.20","3,674.80","3,737.90","3,737.20","3,714.09","3,749.90","2,925.00",707974,"2,62,94,79,551.70",65105
17-Oct-2025,EQ,"3,635.00","3,715.00","3,633.00","3,640.30","3,670.00","3,674.80","3,687.22","3,740.00","2,925.00",1123500,"4,14,25,93,242.70",79482
16-Oct-2025,EQ,"3,549.00","3,652.00","3,540.00","3,549.00","3,636.00","3,640.30","3,630.09","3,740.00","2,925.00",1528118,"5,54,72,03,279.40",108363
15-Oct-2025,EQ,"3,532.90","3,561.90","3,511.00","3,537.40","3,543.20","3,549.00","3,542.64","3,740.00","2,925.00",1005045,"3,56,05,11,918.00",62931
14-Oct-2025,EQ,"3,533.00","3,549.40","3,506.50","3,533.60","3,528.00","3,537.40","3,524.68","3,740.00","2,925.00",925998,"3,26,38,44,837.60",73194
13-Oct-2025,EQ,"3,518.00","3,545.00","3,509.50","3,531.90","3,532.90","3,533.60","3,529.62","3,740.00","2,925.00",606122,"2,13,93,82,956.40",50849
10-Oct-2025,EQ,"3,548.90","3,571.70","3,523.30","3,550.60","3,529.00","3,531.90","3,549.47","3,748.00","2,925.00",825274,"2,92,92,82,600.10",60797
09-Oct-2025,EQ,"3,559.80","3,561.70","3,526.40","3,565.60","3,544.00","3,550.60","3,545.87","3,748.00","2,925.00",597739,"2,11,95,05,760.80",73798
08-Oct-2025,EQ,"3,474.00","3,580.00","3,460.00","3,418.20","3,565.00","3,565.60","3,554.91","3,748.00","2,925.00",4531362,"16,10,85,98,088.70",209805
07-Oct-2025,EQ,"3,425.00","3,445.90","3,411.00","3,425.40","3,419.00","3,418.20","3,431.85","3,748.00","2,925.00",996165,"3,41,86,84,038.40",58141
06-Oct-2025,EQ,"3,453.30","3,459.30","3,401.00","3,453.30","3,425.00","3,425.40","3,422.84","3,748.00","2,925.00",1184781,"4,05,53,20,446.50",79862
03-Oct-2025,EQ,"3,379.90","3,459.00","3,378.00","3,408.30","3,450.00","3,453.30","3,418.12","3,863.55","2,925.00",1655328,"5,65,81,03,027.70",77070
01-Oct-2025,EQ,"3,370.00","3,414.90","3,351.00","3,367.00","3,404.80","3,408.30","3,384.57","3,863.55","2,925.00",798754,"2,70,34,35,345.20",77101
30-Sep-2025,EQ,"3,452.00","3,474.50","3,355.00","3,401.20","3,372.90","3,367.00","3,399.11","3,863.55","2,925.00",1733728,"5,89,31,38,448.10",110770
29-Sep-2025,EQ,"3,327.00","3,418.00","3,327.00","3,327.30","3,417.00","3,401.20","3,382.02","3,863.55","2,925.00",1452636,"4,91,28,38,813.80",103274
26-Sep-2025,EQ,"3,387.70","3,402.00","3,303.10","3,378.50","3,333.00","3,327.30","3,335.36","3,867.00","2,925.00",7524068,"25,09,54,67,512.40",87123
25-Sep-2025,EQ,"3,408.00","3,419.90","3,370.00","3,418.30","3,388.70","3,378.50","3,382.41","3,867.00","2,925.00",1139904,"3,85,56,25,215.70",88587
24-Sep-2025,EQ,"3,430.00","3,437.40","3,411.00","3,439.20","3,411.00","3,418.30","3,422.39","3,867.00","2,925.00",690454,"2,36,30,01,895.50",50758
23-Sep-2025,EQ,"3,465.20","3,465.30","3,405.00","3,457.50","3,439.30","3,439.20","3,432.60","3,867.00","2,925.00",1144975,"3,93,02,44,874.20",63052
22-Sep-2025,EQ,"3,458.20","3,477.00","3,440.00","3,467.20","3,455.00","3,457.50","3,456.80","3,867.00","2,925.00",817833,"2,82,70,85,688.60",65974
19-Sep-2025,EQ,"3,504.00","3,511.30","3,460.00","3,511.30","3,470.00","3,467.20","3,469.72","3,867.00","2,925.00",2337255,"8,10,96,23,285.80",93982
18-Sep-2025,EQ,"3,530.00","3,546.00","3,503.40","3,523.00","3,511.50","3,511.30","3,521.66","3,867.00","2,925.00",829442,"2,92,10,15,504.50",61476
17-Sep-2025,EQ,"3,561.90","3,572.70","3,513.20","3,556.80","3,524.60","3,523.00","3,529.86","3,867.00","2,925.00",659866,"2,32,92,36,812.30",43888
16-Sep-2025,EQ,"3,525.00","3,570.30","3,502.00","3,534.10","3,560.00","3,556.80","3,534.51","3,867.00","2,925.00",724742,"2,56,16,11,250.40",55480
15-Sep-2025,EQ,"3,556.00","3,576.50","3,515.00","3,571.90","3,531.90","3,534.10","3,539.83","3,867.00","2,925.00",362285,"1,28,24,27,021.80",40232
12-Sep-2025,EQ,"3,589.90","3,598.20","3,563.90","3,584.20","3,565.50","3,571.90","3,579.92","3,867.00","2,925.00",275049,"98,46,53,378.10",37752
11-Sep-2025,EQ,"3,620.00","3,644.00","3,580.00","3,620.60","3,580.00","3,584.20","3,593.62","3,867.00","2,925.00",495417,"1,78,03,38,136.60",49299
10-Sep-2025,EQ,"3,632.00","3,648.70","3,608.20","3,630.10","3,619.80","3,620.60","3,619.53","3,867.00","2,925.00",408800,"1,47,96,65,847.10",34029
09-Sep-2025,EQ,"3,667.80","3,667.80","3,619.20","3,658.00","3,635.00","3,630.10","3,632.28","3,867.00","2,925.00",428367,"1,55,59,50,730.60",46263
08-Sep-2025,EQ,"3,653.00","3,683.60","3,640.00","3,665.30","3,669.00","3,658.00","3,664.66","3,867.00","2,925.00",548987,"2,01,18,51,119.10",44129
05-Sep-2025,EQ,"3,695.00","3,700.00","3,660.00","3,691.10","3,660.00","3,665.30","3,676.16","3,867.00","2,925.00",454120,"1,66,94,19,775.40",32055
04-Sep-2025,EQ,"3,740.00","3,740.00","3,676.80","3,690.60","3,678.00","3,691.10","3,696.04","3,867.00","2,925.00",635811,"2,34,99,80,953.50",52751
03-Sep-2025,EQ,"3,605.00","3,697.90","3,590.00","3,620.60","3,688.00","3,690.60","3,670.22","3,867.00","2,925.00",791874,"2,90,63,52,540.50",49550
02-Sep-2025,EQ,"3,614.00","3,655.80","3,606.10","3,618.60","3,612.20","3,620.60","3,631.36","3,867.00","2,925.00",536300,"1,94,74,98,068.70",48079
01-Sep-2025,EQ,"3,631.00","3,653.40","3,610.40","3,628.80","3,618.00","3,618.60","3,626.86","3,867.00","2,925.00",297533,"1,07,91,10,005.90",35574
29-Aug-2025,EQ,"3,637.70","3,642.00","3,603.60","3,637.70","3,620.20","3,628.80","3,620.90","3,867.00","2,925.00",660956,"2,39,32,58,462.90",68433
28-Aug-2025,EQ,"3,552.10","3,650.90","3,552.10","3,594.00","3,632.00","3,637.70","3,627.64","3,867.00","2,925.00",989246,"3,58,86,31,886.50",85608
26-Aug-2025,EQ,"3,662.80","3,672.80","3,589.10","3,651.40","3,599.00","3,594.00","3,619.30","3,867.00","2,925.00",960778,"3,47,73,40,332.80",71086
25-Aug-2025,EQ,"3,629.70","3,669.60","3,615.50","3,621.00","3,648.70","3,651.40","3,651.16","3,867.00","2,925.00",700503,"2,55,76,51,767.70",54278
22-Aug-2025,EQ,"3,616.30","3,641.40","3,607.70","3,616.30","3,618.90","3,621.00","3,621.48","3,867.00","2,925.00",691835,"2,50,54,67,151.90",38741
21-Aug-2025,EQ,"3,595.00","3,625.00","3,588.20","3,595.00","3,616.30","3,616.30","3,611.61","3,867.00","2,925.00",673486,"2,43,23,71,737.00",37233
20-Aug-2025,EQ,"3,560.00","3,602.90","3,552.00","3,568.10","3,591.30","3,595.00","3,584.84","3,867.00","2,925.00",517031,"1,85,34,74,152.90",50295
19-Aug-2025,EQ,"3,555.00","3,577.30","3,545.00","3,554.80","3,564.00","3,568.10","3,562.35","3,867.00","2,925.00",537433,"1,91,45,24,366.10",48431
18-Aug-2025,EQ,"3,496.00","3,574.80","3,493.50","3,489.40","3,554.10","3,554.80","3,540.47","3,867.00","2,925.00",1253006,"4,43,62,25,939.50",83655
14-Aug-2025,EQ,"3,476.50","3,505.80","3,464.10","3,466.80","3,485.00","3,489.40","3,487.21","3,867.00","2,925.00",597987,"2,08,53,06,432.30",48281
13-Aug-2025,EQ,"3,486.80","3,494.90","3,463.20","3,486.80","3,471.80","3,466.80","3,476.57","3,867.00","2,925.00",360474,"1,25,32,13,962.00",45421
12-Aug-2025,EQ,"3,467.90","3,534.00","3,460.10","3,467.90","3,485.00","3,486.80","3,503.83","3,867.00","2,925.00",929276,"3,25,60,25,233.00",76835
11-Aug-2025,EQ,"3,473.00","3,487.30","3,402.80","3,460.20","3,460.00","3,467.90","3,455.67","3,867.00","2,925.00",563586,"1,94,75,67,434.80",61427
08-Aug-2025,EQ,"3,450.10","3,489.80","3,403.10","3,415.70","3,466.70","3,460.20","3,456.71","3,867.00","2,925.00",2184271,"7,55,03,81,270.80",138094
07-Aug-2025,EQ,"3,380.00","3,437.00","3,377.70","3,417.70","3,402.00","3,415.70","3,409.15","3,867.00","2,925.00",509599,"1,73,72,97,483.00",49384
06-Aug-2025,EQ,"3,437.00","3,462.40","3,400.00","3,418.20","3,400.00","3,417.70","3,435.77","3,867.00","2,925.00",635456,"2,18,32,82,475.60",43079
05-Aug-2025,EQ,"3,356.30","3,443.00","3,348.00","3,356.30","3,424.00","3,418.20","3,405.18","3,867.00","2,925.00",837335,"2,85,12,77,681.80",77406
04-Aug-2025,EQ,"3,315.00","3,365.00","3,308.10","3,316.00","3,350.60","3,356.30","3,349.37","3,867.00","2,925.00",450434,"1,50,86,68,729.00",45684
01-Aug-2025,EQ,"3,340.00","3,347.30","3,307.00","3,347.30","3,313.00","3,316.00","3,325.94","3,867.00","2,925.00",422977,"1,40,67,95,580.80",46880
31-Jul-2025,EQ,"3,340.00","3,364.50","3,315.50","3,376.50","3,340.00","3,347.30","3,346.40","3,867.00","2,925.00",553157,"1,85,10,84,869.50",50336
30-Jul-2025,EQ,"3,380.00","3,393.50","3,345.30","3,379.20","3,371.00","3,376.50","3,366.98","3,867.00","2,925.00",443735,"1,49,40,46,001.20",48883
29-Jul-2025,EQ,"3,390.00","3,397.00","3,355.60","3,393.00","3,380.00","3,379.20","3,375.18","3,867.00","2,925.00",511042,"1,72,48,60,507.50",40529
28-Jul-2025,EQ,"3,453.00","3,462.60","3,382.00","3,462.80","3,385.00","3,393.00","3,407.88","3,867.00","2,925.00",603916,"2,05,80,75,882.50",61598
25-Jul-2025,EQ,"3,476.40","3,480.00","3,447.00","3,484.40","3,451.20","3,462.80","3,467.40","3,867.00","2,925.00",624410,"2,16,50,76,881.00",42642
24-Jul-2025,EQ,"3,467.40","3,489.80","3,458.00","3,471.40","3,476.30","3,484.40","3,480.44","3,867.00","2,925.00",630718,"2,19,51,74,989.90",41481
23-Jul-2025,EQ,"3,472.40","3,481.90","3,444.00","3,472.40","3,467.50","3,471.40","3,468.11","3,867.00","2,925.00",584590,"2,02,74,24,777.40",34275
22-Jul-2025,EQ,"3,450.00","3,490.00","3,430.30","3,433.00","3,469.50","3,472.40","3,470.55","3,867.00","2,925.00",1752275,"6,08,13,49,950.20",105404
21-Jul-2025,EQ,"3,391.00","3,439.10","3,365.20","3,402.90","3,428.00","3,433.00","3,413.52","3,867.00","2,925.00",561799,"1,91,77,13,994.90",53659
18-Jul-2025,EQ,"3,444.00","3,444.00","3,392.00","3,433.30","3,398.00","3,402.90","3,409.47","3,867.00","2,925.00",293360,"1,00,02,03,582.20",31622
17-Jul-2025,EQ,"3,418.40","3,448.00","3,416.50","3,417.30","3,429.90","3,433.30","3,435.39","3,867.00","2,925.00",559482,"1,92,20,41,447.00",44190
16-Jul-2025,EQ,"3,417.00","3,422.20","3,388.50","3,415.00","3,418.00","3,417.30","3,409.55","3,867.00","2,925.00",669532,"2,28,28,03,318.10",59314
15-Jul-2025,EQ,"3,418.00","3,422.00","3,387.70","3,404.70","3,416.00","3,415.00","3,408.76","3,867.00","2,925.00",686088,"2,33,87,08,389.10",59160
14-Jul-2025,EQ,"3,372.00","3,410.00","3,344.00","3,361.60","3,402.00","3,404.70","3,380.37","3,867.00","2,925.00",755781,"2,55,48,19,682.60",59598
11-Jul-2025,EQ,"3,408.00","3,422.20","3,357.00","3,419.80","3,361.00","3,361.60","3,384.57","3,867.00","2,925.00",856956,"2,90,04,30,166.60",79607
10-Jul-2025,EQ,"3,432.10","3,445.00","3,414.00","3,432.10","3,414.90","3,419.80","3,427.43","3,867.00","2,925.00",496586,"1,70,20,12,571.90",45487
09-Jul-2025,EQ,"3,441.30","3,461.50","3,420.60","3,441.30","3,431.00","3,432.10","3,436.17","3,867.00","2,925.00",1868271,"6,41,96,88,359.40",118992
08-Jul-2025,EQ,"3,581.80","3,581.80","3,435.00","3,666.10","3,440.00","3,441.30","3,472.97","3,867.00","2,925.00",3952270,"13,72,61,07,743.70",294383
07-Jul-2025,EQ,"3,675.50","3,696.00","3,647.90","3,686.90","3,670.00","3,666.10","3,664.83","3,867.00","2,925.00",829472,"3,03,98,73,515.80",65557
04-Jul-2025,EQ,"3,666.00","3,690.10","3,645.10","3,678.70","3,684.00","3,686.90","3,668.61","3,867.00","2,925.00",629926,"2,31,09,55,899.40",55072
03-Jul-2025,EQ,"3,702.00","3,712.90","3,672.20","3,708.00","3,684.00","3,678.70","3,690.25","3,867.00","2,925.00",528710,"1,95,10,71,711.20",64998
02-Jul-2025,EQ,"3,705.00","3,721.90","3,689.00","3,700.50","3,707.00","3,708.00","3,706.02","3,867.00","2,925.00",583514,"2,16,25,15,600.10",46027
01-Jul-2025,EQ,"3,699.00","3,726.50","3,667.00","3,690.20","3,697.00","3,700.50","3,703.30","3,867.00","2,925.00",947173,"3,50,76,61,875.60",67562
30-Jun-2025,EQ,"3,666.20","3,698.50","3,652.00","3,666.20","3,688.00","3,690.20","3,680.66","3,867.00","2,925.00",921775,"3,39,27,36,425.00",79644
27-Jun-2025,EQ,"3,700.00","3,709.10","3,659.50","3,694.70","3,669.50","3,666.20","3,673.76","3,867.00","2,925.00",601285,"2,20,89,73,974.60",67828
26-Jun-2025,EQ,"3,655.00","3,700.50","3,644.00","3,652.20","3,694.60","3,694.70","3,680.02","3,867.00","2,925.00",1620497,"5,96,34,60,137.40",88763
25-Jun-2025,EQ,"3,550.00","3,665.00","3,550.00","3,526.00","3,655.00","3,652.20","3,632.71","3,867.00","2,925.00",2697912,"9,80,07,22,482.30",148940
24-Jun-2025,EQ,"3,523.10","3,567.00","3,506.10","3,505.70","3,539.00","3,526.00","3,534.12","3,867.00","2,925.00",968797,"3,42,38,48,127.30",98270
23-Jun-2025,EQ,"3,480.20","3,528.50","3,473.00","3,519.00","3,502.90","3,505.70","3,495.86","3,867.00","2,925.00",643325,"2,24,89,75,836.00",47761
20-Jun-2025,EQ,"3,500.00","3,545.00","3,489.00","3,505.40","3,510.40","3,519.00","3,519.36","3,867.00","2,925.00",2941214,"10,35,11,90,183.90",114378
19-Jun-2025,EQ,"3,478.80","3,521.60","3,467.80","3,467.80","3,500.20","3,505.40","3,505.53","3,867.00","2,925.00",1022566,"3,58,46,37,805.90",85489
18-Jun-2025,EQ,"3,406.00","3,480.00","3,390.00","3,405.70","3,478.80","3,467.80","3,438.07","3,867.00","2,925.00",972739,"3,34,43,41,902.60",70473
17-Jun-2025,EQ,"3,428.00","3,437.60","3,395.40","3,438.10","3,406.40","3,405.70","3,409.47","3,867.00","2,925.00",1000345,"3,41,06,41,806.10",74325
16-Jun-2025,EQ,"3,411.00","3,453.70","3,396.20","3,421.90","3,437.10","3,438.10","3,431.65","3,867.00","2,925.00",534665,"1,83,47,80,596.10",45834
13-Jun-2025,EQ,"3,409.70","3,440.80","3,383.00","3,452.70","3,420.00","3,421.90","3,421.14","3,867.00","2,925.00",821750,"2,81,13,25,479.60",55825
12-Jun-2025,EQ,"3,548.00","3,559.80","3,445.50","3,541.60","3,448.90","3,452.70","3,488.45","3,867.00","2,925.00",811822,"2,83,20,04,470.30",68748
11-Jun-2025,EQ,"3,525.00","3,549.00","3,505.00","3,524.20","3,534.70","3,541.60","3,525.77","3,867.00","2,925.00",505077,"1,78,07,84,441.60",44670
10-Jun-2025,EQ,"3,545.00","3,545.00","3,506.10","3,533.90","3,523.80","3,524.20","3,523.84","3,867.00","2,925.00",561695,"1,97,93,21,023.50",56305
09-Jun-2025,EQ,"3,564.80","3,580.00","3,521.20","3,559.90","3,533.90","3,533.90","3,542.12","3,867.00","2,925.00",540262,"1,91,36,74,011.20",56193
06-Jun-2025,EQ,"3,524.00","3,570.90","3,486.20","3,504.00","3,561.90","3,559.90","3,541.14","3,867.00","2,925.00",602422,"2,13,32,63,196.40",44834
05-Jun-2025,EQ,"3,498.70","3,535.00","3,474.20","3,499.80","3,502.40","3,504.00","3,504.79","3,867.00","2,925.00",608651,"2,13,31,96,612.40",56202
04-Jun-2025,EQ,"3,506.10","3,519.80","3,486.00","3,519.80","3,498.70","3,499.80","3,501.24","3,867.00","2,925.00",410354,"1,43,67,47,340.50",38244
03-Jun-2025,EQ,"3,525.50","3,580.00","3,503.50","3,525.50","3,521.00","3,519.80","3,524.65","3,867.00","2,925.00",676943,"2,38,59,84,927.60",65935
02-Jun-2025,EQ,"3,525.10","3,542.00","3,475.90","3,555.00","3,534.90","3,525.50","3,512.05","3,867.00","2,925.00",726392,"2,55,11,24,749.70",53984
30-May-2025,EQ,"3,580.00","3,605.00","3,542.10","3,588.30","3,550.00","3,555.00","3,564.53","3,867.00","2,925.00",962944,"3,43,24,46,825.50",49315
29-May-2025,EQ,"3,580.00","3,600.00","3,560.10","3,574.70","3,600.00","3,588.30","3,582.16","3,867.00","2,925.00",513095,"1,83,79,89,558.50",40146
28-May-2025,EQ,"3,595.00","3,601.60","3,545.00","3,589.40","3,572.00","3,574.70","3,571.58","3,867.00","2,925.00",449324,"1,60,47,97,879.40",36449
27-May-2025,EQ,"3,615.00","3,639.00","3,562.20","3,610.30","3,589.60","3,589.40","3,588.33","3,867.00","2,925.00",1019733,"3,65,91,37,821.50",113185
26-May-2025,EQ,"3,576.00","3,640.00","3,570.40","3,579.70","3,614.40","3,610.30","3,610.92","3,867.00","2,925.00",525514,"1,89,75,87,778.80",58759
23-May-2025,EQ,"3,531.00","3,606.30","3,523.00","3,541.00","3,579.00","3,579.70","3,576.65","3,867.00","2,925.00",416717,"1,49,04,48,831.00",40811
22-May-2025,EQ,"3,565.00","3,575.00","3,516.10","3,580.50","3,550.80","3,541.00","3,540.38","3,867.00","2,925.00",709846,"2,51,31,21,336.50",57639
21-May-2025,EQ,"3,570.00","3,623.10","3,567.30","3,580.60","3,584.00","3,580.50","3,588.62","3,867.00","2,925.00",415016,"1,48,93,35,907.20",35704
20-May-2025,EQ,"3,617.70","3,620.00","3,575.10","3,617.70","3,579.40","3,580.60","3,593.71","3,867.00","2,925.00",811416,"2,91,59,91,036.40",63401
19-May-2025,EQ,"3,617.00","3,649.50","3,611.40","3,633.70","3,612.00","3,617.70","3,627.37","3,867.00","2,925.00",376760,"1,36,66,48,570.10",50988
16-May-2025,EQ,"3,654.00","3,655.90","3,613.40","3,636.80","3,633.20","3,633.70","3,630.78","3,867.00","2,925.00",525064,"1,90,63,89,308.60",40579
15-May-2025,EQ,"3,597.00","3,665.00","3,553.90","3,587.60","3,628.80","3,636.80","3,619.48","3,867.00","2,925.00",1227751,"4,44,38,14,864.60",98154
14-May-2025,EQ,"3,555.00","3,610.00","3,550.00","3,563.20","3,585.20","3,587.60","3,586.87","3,867.00","2,925.00",588159,"2,10,96,52,660.90",49709
13-May-2025,EQ,"3,562.90","3,588.40","3,540.10","3,562.90","3,556.00","3,563.20","3,561.60","3,867.00","2,925.00",996541,"3,54,92,80,743.30",91133
12-May-2025,EQ,"3,537.20","3,585.00","3,530.30","3,510.30","3,567.00","3,562.90","3,561.90","3,867.00","2,925.00",956930,"3,40,84,90,656.70",79243
09-May-2025,EQ,"3,367.00","3,530.00","3,354.20","3,369.30","3,509.90","3,510.30","3,496.81","3,867.00","2,925.00",2863992,"10,01,48,33,930.60",204685
08-May-2025,EQ,"3,349.90","3,412.50","3,325.00","3,338.90","3,345.00","3,369.30","3,373.34","3,867.00","2,925.00",1597339,"5,38,83,67,799.20",111344
07-May-2025,EQ,"3,280.00","3,381.00","3,260.20","3,299.30","3,338.00","3,338.90","3,332.39","3,867.00","2,925.00",1047443,"3,49,04,92,196.10",69814
06-May-2025,EQ,"3,321.80","3,325.30","3,245.50","3,321.80","3,291.00","3,299.30","3,281.15","3,867.00","2,925.00",650789,"2,13,53,39,392.10",63207
05-May-2025,EQ,"3,357.70","3,408.50","3,307.00","3,341.00","3,315.00","3,321.80","3,350.37","3,867.00","2,925.00",565178,"1,89,35,54,061.90",51968
02-May-2025,EQ,"3,362.10","3,381.50","3,324.00","3,379.70","3,330.00","3,341.00","3,350.10","3,867.00","2,925.00",668467,"2,23,94,31,081.30",80561
30-Apr-2025,EQ,"3,374.00","3,409.00","3,354.30","3,378.60","3,356.30","3,379.70","3,386.38","3,867.00","2,925.00",708818,"2,40,03,28,199.20",56811
29-Apr-2025,EQ,"3,375.90","3,398.00","3,354.00","3,369.10","3,375.20","3,378.60","3,378.78","3,867.00","2,925.00",575435,"1,94,42,70,229.70",57300
28-Apr-2025,EQ,"3,356.00","3,397.40","3,351.00","3,365.20","3,369.90","3,369.10","3,374.56","3,867.00","2,925.00",384147,"1,29,63,25,533.10",44189
25-Apr-2025,EQ,"3,382.60","3,419.50","3,316.00","3,382.60","3,357.00","3,365.20","3,364.77","3,867.00","2,925.00",704325,"2,36,98,89,835.80",56990
24-Apr-2025,EQ,"3,356.80","3,395.00","3,344.00","3,357.30","3,387.00","3,382.60","3,374.40","3,867.00","2,925.00",901747,"3,04,28,53,754.40",55946
23-Apr-2025,EQ,"3,357.00","3,373.70","3,315.50","3,337.40","3,350.30","3,357.30","3,347.94","3,867.00","2,925.00",628656,"2,10,47,01,302.50",57955
22-Apr-2025,EQ,"3,336.10","3,358.80","3,320.10","3,336.10","3,341.30","3,337.40","3,337.73","3,867.00","2,925.00",609213,"2,03,33,87,516.90",53198
21-Apr-2025,EQ,"3,314.00","3,353.50","3,290.00","3,327.50","3,345.00","3,336.10","3,329.40","3,867.00","2,925.00",672129,"2,23,77,88,941.10",65177
17-Apr-2025,EQ,"3,250.00","3,334.80","3,211.20","3,272.10","3,322.00","3,327.50","3,288.54","3,867.00","2,925.00",1083612,"3,56,34,98,012.80",98982
16-Apr-2025,EQ,"3,250.00","3,286.00","3,245.10","3,273.40","3,269.70","3,272.10","3,268.42","3,867.00","2,925.00",889943,"2,90,87,11,519.60",90706
15-Apr-2025,EQ,"3,270.00","3,285.00","3,245.10","3,234.90","3,271.00","3,273.40","3,271.44","3,867.00","2,925.00",1121769,"3,66,98,03,668.10",79464
11-Apr-2025,EQ,"3,222.00","3,242.55","3,201.25","3,174.15","3,234.00","3,234.90","3,226.11","3,867.00","2,925.00",814920,"2,62,90,19,827.55",80813
09-Apr-2025,EQ,"3,137.85","3,188.25","3,090.70","3,122.30","3,178.95","3,174.15","3,161.41","3,867.00","2,925.00",1215988,"3,84,42,40,464.05",144003
08-Apr-2025,EQ,"3,149.70","3,227.25","3,101.00","3,022.20","3,124.35","3,122.30","3,148.82","3,867.00","2,925.00",2830156,"8,91,16,41,410.85",187521
07-Apr-2025,EQ,"2,925.00","3,048.00","2,925.00","3,076.20","3,046.10","3,022.20","2,996.48","3,867.00","2,925.00",1378989,"4,13,21,19,551.30",120442
04-Apr-2025,EQ,"3,099.00","3,114.90","3,050.00","3,127.55","3,078.00","3,076.20","3,083.14","3,867.00","2,971.15",901801,"2,78,03,82,869.15",53461
03-Apr-2025,EQ,"3,071.00","3,151.00","3,068.00","3,098.45","3,125.00","3,127.55","3,129.58","3,867.00","2,971.15",1115568,"3,49,12,60,055.15",68566
02-Apr-2025,EQ,"3,011.00","3,105.00","2,971.15","2,986.95","3,102.30","3,098.45","3,057.30","3,867.00","2,971.15",1674921,"5,12,07,33,421.55",88599
01-Apr-2025,EQ,"3,053.70","3,075.70","2,982.00","3,063.35","2,988.45","2,986.95","3,008.79","3,867.00","2,982.00",1068622,"3,21,52,55,258.05",101127
28-Mar-2025,EQ,"3,094.00","3,111.80","3,051.05","3,087.65","3,062.00","3,063.35","3,079.14","3,867.00","2,985.05",778417,"2,39,68,56,499.80",64248
27-Mar-2025,EQ,"3,047.55","3,097.70","3,047.55","3,057.50","3,091.40","3,087.65","3,079.63","3,867.00","2,985.05",1635143,"5,03,56,42,166.10",92761
26-Mar-2025,EQ,"3,068.95","3,077.75","3,034.55","3,053.70","3,060.00","3,057.50","3,058.36","3,867.00","2,985.05",1010449,"3,09,03,21,629.80",85568
25-Mar-2025,EQ,"3,085.00","3,099.95","3,046.00","3,079.10","3,048.30","3,053.70","3,067.41","3,867.00","2,985.05",1174346,"3,60,21,99,434.75",105972
24-Mar-2025,EQ,"3,168.20","3,175.95","3,075.00","3,162.70","3,076.00","3,079.10","3,091.72","3,867.00","2,985.05",1481216,"4,57,95,12,412.50",122732
21-Mar-2025,EQ,"3,186.95","3,190.00","3,154.95","3,193.10","3,166.75","3,162.70","3,168.29","3,867.00","2,985.05",1181974,"3,74,48,34,772.90",88848
20-Mar-2025,EQ,"3,100.00","3,205.00","3,080.00","3,076.30","3,183.05","3,193.10","3,170.04","3,867.00","2,985.05",1542807,"4,89,07,60,482.45",118687
19-Mar-2025,EQ,"3,088.05","3,095.00","3,058.20","3,081.70","3,077.00","3,076.30","3,074.13","3,867.00","2,985.05",730983,"2,24,71,33,157.55",63305
18-Mar-2025,EQ,"3,030.75","3,088.00","3,015.40","3,017.35","3,088.00","3,081.70","3,061.34","3,867.00","2,985.05",865951,"2,65,09,73,987.65",83506
17-Mar-2025,EQ,"2,985.05","3,036.40","2,985.05","3,010.15","3,016.40","3,017.35","3,015.38","3,867.00","2,985.05",632348,"1,90,67,71,489.35",57116
13-Mar-2025,EQ,"3,019.40","3,049.50","3,000.30","3,018.95","3,005.00","3,010.15","3,017.81","3,867.00","2,996.05",785215,"2,36,96,28,694.85",73946
12-Mar-2025,EQ,"3,037.40","3,053.80","2,996.05","3,046.40","3,019.35","3,018.95","3,022.00","3,867.00","2,996.05",489535,"1,47,93,75,521.15",70066
11-Mar-2025,EQ,"3,015.00","3,055.90","3,010.00","3,026.80","3,053.90","3,046.40","3,040.14","3,867.00","3,010.00",576260,"1,75,19,09,672.55",59513
10-Mar-2025,EQ,"3,080.00","3,083.00","3,021.10","3,079.35","3,027.60","3,026.80","3,041.98","3,867.00","3,017.00",855408,"2,60,21,33,629.50",86076
07-Mar-2025,EQ,"3,121.10","3,124.60","3,074.65","3,121.10","3,080.00","3,079.35","3,092.27","3,867.00","3,017.00",1020056,"3,15,42,84,650.15",59320
06-Mar-2025,EQ,"3,091.20","3,131.65","3,047.00","3,086.55","3,125.00","3,121.10","3,086.41","3,867.00","3,017.00",1399483,"4,31,93,71,944.80",105110
05-Mar-2025,EQ,"3,048.50","3,107.45","3,035.70","3,048.50","3,092.15","3,086.55","3,084.07","3,867.00","3,017.00",579883,"1,78,83,97,632.10",57473
04-Mar-2025,EQ,"3,050.00","3,070.00","3,017.00","3,082.00","3,048.95","3,048.50","3,036.72","3,867.00","3,017.00",1186136,"3,60,19,57,875.55",115832
03-Mar-2025,EQ,"3,090.00","3,102.10","3,057.75","3,077.25","3,082.55","3,082.00","3,081.14","3,867.00","3,055.65",516171,"1,59,03,96,127.15",77522
28-Feb-2025,EQ,"3,202.00","3,217.95","3,060.00","3,223.10","3,087.00","3,077.25","3,100.15","3,867.00","3,055.65",1322618,"4,10,03,14,628.40",119307
27-Feb-2025,EQ,"3,198.80","3,228.00","3,176.95","3,198.80","3,225.00","3,223.10","3,207.40","3,867.00","3,055.65",604023,"1,93,73,40,769.10",62303
25-Feb-2025,EQ,"3,140.00","3,211.50","3,136.55","3,173.00","3,200.75","3,198.80","3,191.57","3,867.00","3,055.65",642281,"2,04,98,83,941.20",69880
24-Feb-2025,EQ,"3,131.00","3,187.95","3,131.00","3,179.90","3,172.00","3,173.00","3,172.49","3,867.00","3,055.65",431232,"1,36,80,77,841.35",63117
19-Feb-2025,EQ,"3,220.00","3,253.65","3,191.80","3,221.85","3,205.80","3,210.30","3,219.83","3,867.00","3,055.65",521953,"1,68,05,99,297.70",48047
18-Feb-2025,EQ,"3,234.80","3,244.00","3,192.30","3,233.20","3,219.00","3,221.85","3,215.97","3,867.00","3,055.65",592636,"1,90,59,01,694.15",57130
17-Feb-2025,EQ,"3,195.25","3,238.50","3,176.00","3,213.25","3,226.60","3,233.20","3,216.91","3,867.00","3,055.65",712614,"2,29,24,14,904.50",84620
14-Feb-2025,EQ,"3,236.30","3,253.00","3,186.45","3,231.50","3,211.00","3,213.25","3,213.87","3,867.00","3,055.65",587411,"1,88,78,64,280.00",61210
13-Feb-2025,EQ,"3,250.25","3,277.95","3,215.20","3,255.45","3,230.50","3,231.50","3,247.61","3,867.00","3,055.65",727243,"2,36,18,05,057.70",67859
12-Feb-2025,EQ,"3,282.75","3,317.40","3,212.60","3,281.80","3,258.00","3,255.45","3,263.30","3,867.00","3,055.65",774619,"2,52,78,15,057.75",96248
11-Feb-2025,EQ,"3,334.70","3,348.00","3,271.60","3,327.45","3,284.90","3,281.80","3,302.83","3,867.00","3,055.65",903965,"2,98,56,46,654.20",91875
10-Feb-2025,EQ,"3,415.00","3,425.00","3,311.00","3,424.80","3,325.00","3,327.45","3,349.36","3,867.00","3,055.65",904436,"3,02,92,81,222.45",86914
07-Feb-2025,EQ,"3,414.90","3,453.90","3,388.20","3,410.75","3,432.85","3,424.80","3,426.48","3,867.00","3,055.65",740155,"2,53,61,28,148.60",87937
06-Feb-2025,EQ,"3,490.90","3,504.25","3,397.85","3,490.90","3,413.00","3,410.75","3,426.27","3,867.00","3,055.65",1059617,"3,63,05,38,717.40",96306
05-Feb-2025,EQ,"3,596.00","3,652.00","3,472.20","3,597.70","3,490.00","3,490.90","3,525.11","3,867.00","3,055.65",2165947,"7,63,52,01,454.50",158302
04-Feb-2025,EQ,"3,590.00","3,614.00","3,520.00","3,580.30","3,588.00","3,597.70","3,573.89","3,867.00","3,055.65",1279779,"4,57,37,87,179.75",146242
03-Feb-2025,EQ,"3,565.00","3,642.55","3,551.75","3,552.00","3,574.35","3,580.30","3,596.75","3,867.00","3,055.65",1543897,"5,55,30,11,447.90",142424
01-Feb-2025,EQ,"3,527.00","3,635.15","3,408.00","3,490.25","3,572.40","3,552.00","3,512.49","3,886.95","3,055.65",2186692,"7,68,07,38,274.75",132302
31-Jan-2025,EQ,"3,400.00","3,527.45","3,392.40","3,368.40","3,491.30","3,490.25","3,486.67","3,886.95","3,055.65",1212261,"4,22,67,53,794.20",122515
30-Jan-2025,EQ,"3,370.65","3,390.00","3,345.20","3,370.75","3,371.65","3,368.40","3,369.77","3,886.95","3,055.65",688608,"2,32,04,51,065.00",56941
29-Jan-2025,EQ,"3,339.20","3,375.00","3,309.05","3,325.90","3,356.95","3,370.75","3,355.65","3,886.95","3,055.65",570137,"1,91,31,82,482.65",58151
28-Jan-2025,EQ,"3,319.35","3,370.85","3,299.55","3,319.35","3,329.85","3,325.90","3,333.91","3,886.95","3,055.65",579957,"1,93,35,26,005.70",69453
27-Jan-2025,EQ,"3,388.00","3,401.95","3,307.25","3,402.15","3,312.00","3,319.35","3,348.23","3,886.95","3,055.65",618309,"2,07,02,39,086.95",60108
24-Jan-2025,EQ,"3,407.00","3,447.65","3,380.45","3,398.55","3,398.00","3,402.15","3,406.34","3,886.95","3,055.65",564244,"1,92,20,08,513.75",50633
23-Jan-2025,EQ,"3,356.45","3,433.00","3,325.50","3,356.45","3,399.30","3,398.55","3,393.01","3,886.95","3,055.65",713603,"2,42,12,64,041.15",69051
22-Jan-2025,EQ,"3,354.80","3,385.00","3,334.65","3,353.35","3,355.00","3,356.45","3,360.13","3,886.95","3,055.65",598329,"2,01,04,64,271.15",56381
21-Jan-2025,EQ,"3,400.95","3,412.70","3,335.15","3,382.25","3,364.00","3,353.35","3,368.38","3,886.95","3,055.65",1016047,"3,42,24,35,903.20",85762
20-Jan-2025,EQ,"3,374.10","3,407.70","3,347.50","3,357.40","3,393.00","3,382.25","3,384.16","3,886.95","3,055.65",722342,"2,44,45,22,674.70",53540
17-Jan-2025,EQ,"3,319.90","3,368.00","3,285.05","3,316.90","3,358.05","3,357.40","3,338.55","3,886.95","3,055.65",559153,"1,86,67,60,385.90",49956
16-Jan-2025,EQ,"3,327.00","3,338.85","3,282.00","3,323.50","3,321.00","3,316.90","3,300.98","3,886.95","3,055.65",1170734,"3,86,45,64,001.55",80503
15-Jan-2025,EQ,"3,322.00","3,340.50","3,283.00","3,322.50","3,322.00","3,323.50","3,306.68","3,886.95","3,055.65",1169593,"3,86,74,71,672.45",86331
14-Jan-2025,EQ,"3,400.00","3,429.00","3,310.00","3,382.75","3,335.00","3,322.50","3,338.78","3,886.95","3,055.65",1133561,"3,78,47,11,721.55",84328
13-Jan-2025,EQ,"3,380.00","3,467.00","3,352.50","3,440.25","3,384.55","3,382.75","3,406.58","3,886.95","3,055.65",1282557,"4,36,91,27,555.85",94131
10-Jan-2025,EQ,"3,462.00","3,488.00","3,428.75","3,487.05","3,439.00","3,440.25","3,453.68","3,886.95","3,055.65",570060,"1,96,88,04,832.45",64008
09-Jan-2025,EQ,"3,485.95","3,506.45","3,461.55","3,484.05","3,489.00","3,487.05","3,484.27","3,886.95","3,055.65",826237,"2,87,88,36,473.20",73482
08-Jan-2025,EQ,"3,487.65","3,514.50","3,391.30","3,505.10","3,485.15","3,484.05","3,451.64","3,886.95","3,055.65",1317377,"4,54,71,08,404.25",110053
07-Jan-2025,EQ,"3,490.00","3,576.70","3,485.00","3,470.40","3,490.90","3,505.10","3,533.44","3,886.95","3,055.65",2389563,"8,44,33,82,226.00",159776
06-Jan-2025,EQ,"3,490.00","3,528.50","3,441.20","3,451.65","3,476.50","3,470.40","3,490.62","3,886.95","3,055.65",2145936,"7,49,06,41,820.45",163209
03-Jan-2025,EQ,"3,395.00","3,481.95","3,377.95","3,388.95","3,450.00","3,451.65","3,447.09","3,886.95","3,055.65",1630862,"5,62,17,28,416.85",140337
02-Jan-2025,EQ,"3,264.00","3,400.95","3,251.00","3,253.85","3,399.90","3,388.95","3,339.78","3,886.95","3,055.65",1152493,"3,84,90,68,650.90",98727
01-Jan-2025,EQ,"3,248.00","3,269.90","3,244.05","3,253.15","3,253.95","3,253.85","3,254.98","3,886.95","3,055.65",357376,"1,16,32,52,543.00",49516
31-Dec-2024,EQ,"3,250.00","3,275.65","3,230.80","3,257.35","3,254.00","3,253.15","3,252.74","3,886.95","3,055.65",616440,"2,00,51,17,085.35",59847
30-Dec-2024,EQ,"3,309.95","3,317.95","3,247.45","3,309.20","3,257.00","3,257.35","3,273.16","3,886.95","3,055.65",941859,"3,08,28,58,650.15",56865
27-Dec-2024,EQ,"3,319.85","3,345.00","3,301.10","3,323.05","3,310.00","3,309.20","3,321.89","3,886.95","3,055.65",568989,"1,89,01,20,474.60",44646
26-Dec-2024,EQ,"3,365.00","3,371.85","3,312.65","3,353.40","3,314.00","3,323.05","3,337.51","3,886.95","3,055.65",637094,"2,12,63,07,475.65",65169
24-Dec-2024,EQ,"3,385.35","3,419.00","3,338.20","3,396.95","3,359.00","3,353.40","3,372.29","3,886.95","3,055.65",485245,"1,63,63,88,950.80",59157
23-Dec-2024,EQ,"3,378.10","3,406.30","3,336.65","3,356.25","3,391.35","3,396.95","3,387.98","3,886.95","3,055.65",691202,"2,34,17,75,122.85",66373
20-Dec-2024,EQ,"3,350.00","3,419.00","3,333.15","3,356.85","3,344.90","3,356.25","3,370.52","3,886.95","3,055.65",1235769,"4,16,51,86,079.10",96622
19-Dec-2024,EQ,"3,349.60","3,399.95","3,332.00","3,401.90","3,358.00","3,356.85","3,364.99","3,886.95","3,055.65",732634,"2,46,53,06,765.55",53341
18-Dec-2024,EQ,"3,401.20","3,424.00","3,390.00","3,406.10","3,403.85","3,401.90","3,403.89","3,886.95","3,055.65",646145,"2,19,94,04,078.85",52863
17-Dec-2024,EQ,"3,422.05","3,449.40","3,397.60","3,438.20","3,406.50","3,406.10","3,412.96","3,886.95","3,055.65",1005604,"3,43,20,87,342.80",75642
16-Dec-2024,EQ,"3,505.00","3,511.00","3,429.00","3,508.85","3,440.00","3,438.20","3,448.67","3,886.95","3,055.65",1295227,"4,46,68,10,282.75",112361
13-Dec-2024,EQ,"3,420.00","3,518.00","3,380.25","3,445.75","3,511.00","3,508.85","3,459.79","3,886.95","3,055.65",1242351,"4,29,82,70,978.20",109368
12-Dec-2024,EQ,"3,470.50","3,473.10","3,412.00","3,473.10","3,440.15","3,445.75","3,440.90","3,886.95","3,055.65",926472,"3,18,78,96,393.60",78691
11-Dec-2024,EQ,"3,484.75","3,490.75","3,460.30","3,475.75","3,471.80","3,473.10","3,472.71","3,886.95","3,055.65",554702,"1,92,63,17,334.95",53036
10-Dec-2024,EQ,"3,470.00","3,516.95","3,436.05","3,468.20","3,479.90","3,475.75","3,482.97","3,886.95","3,055.65",1063355,"3,70,36,37,092.80",83557
09-Dec-2024,EQ,"3,467.50","3,488.25","3,446.90","3,470.10","3,466.50","3,468.20","3,466.61","3,886.95","3,055.65",926422,"3,21,15,45,197.45",84569
06-Dec-2024,EQ,"3,453.95","3,499.65","3,430.00","3,441.05","3,467.35","3,470.10","3,471.63","3,886.95","3,055.65",1278516,"4,43,85,31,336.15",101693
05-Dec-2024,EQ,"3,374.95","3,465.40","3,353.60","3,364.45","3,438.10","3,441.05","3,418.98","3,886.95","3,055.65",2383630,"8,14,95,72,144.05",156477
04-Dec-2024,EQ,"3,342.00","3,383.00","3,338.00","3,332.75","3,368.00","3,364.45","3,361.30","3,886.95","3,055.65",1630076,"5,47,91,74,460.30",113802
03-Dec-2024,EQ,"3,290.00","3,338.70","3,276.60","3,306.85","3,331.00","3,332.75","3,322.52","3,886.95","3,055.65",1162310,"3,86,17,92,773.85",119085
02-Dec-2024,EQ,"3,249.00","3,309.90","3,222.05","3,249.00","3,302.00","3,306.85","3,283.51","3,886.95","3,055.65",915980,"3,00,76,32,322.85",79049
29-Nov-2024,EQ,"3,212.35","3,260.00","3,212.35","3,212.35","3,245.00","3,249.00","3,245.56","3,886.95","3,055.65",1139585,"3,69,85,86,070.85",102334
28-Nov-2024,EQ,"3,292.00","3,305.00","3,200.35","3,291.65","3,224.80","3,212.35","3,233.81","3,886.95","3,055.65",1701387,"5,50,19,68,434.75",146152
27-Nov-2024,EQ,"3,325.00","3,329.90","3,280.15","3,327.50","3,292.00","3,291.65","3,298.26","3,886.95","3,055.65",732835,"2,41,70,83,280.35",62503
26-Nov-2024,EQ,"3,310.00","3,343.75","3,295.70","3,309.10","3,325.00","3,327.50","3,320.08","3,886.95","3,055.65",721345,"2,39,49,24,014.40",69407
25-Nov-2024,EQ,"3,360.00","3,369.85","3,298.05","3,308.70","3,318.00","3,309.10","3,317.23","3,886.95","3,055.65",1892510,"6,27,78,83,657.75",108947
22-Nov-2024,EQ,"3,174.85","3,317.00","3,152.15","3,178.45","3,302.00","3,308.70","3,267.72","3,886.95","3,055.65",2207527,"7,21,35,84,916.70",136683
21-Nov-2024,EQ,"3,225.00","3,233.95","3,148.35","3,224.70","3,178.95","3,178.45","3,178.71","3,886.95","3,055.65",1582159,"5,02,92,23,313.55",123325
19-Nov-2024,EQ,"3,192.00","3,283.00","3,172.30","3,172.30","3,220.00","3,224.70","3,244.12","3,886.95","3,055.65",1174506,"3,81,02,38,619.60",92094
18-Nov-2024,EQ,"3,183.70","3,207.20","3,157.50","3,183.70","3,170.65","3,172.30","3,177.48","3,886.95","3,055.65",943251,"2,99,71,63,926.20",126558
14-Nov-2024,EQ,"3,145.05","3,195.15","3,136.00","3,187.85","3,184.05","3,183.70","3,164.50","3,886.95","3,055.65",1161637,"3,67,60,00,257.30",114955
13-Nov-2024,EQ,"3,175.00","3,221.60","3,162.20","3,198.45","3,186.35","3,187.85","3,193.76","3,886.95","3,055.65",911537,"2,91,12,27,312.40",79752
12-Nov-2024,EQ,"3,201.65","3,239.00","3,185.00","3,206.60","3,187.00","3,198.45","3,207.62","3,886.95","3,055.65",992983,"3,18,51,11,275.20",73831
11-Nov-2024,EQ,"3,191.60","3,230.05","3,158.25","3,186.25","3,203.00","3,206.60","3,201.94","3,886.95","3,055.65",1054929,"3,37,78,18,672.10",89564
08-Nov-2024,EQ,"3,121.00","3,192.90","3,106.00","3,120.85","3,183.00","3,186.25","3,154.83","3,886.95","3,055.65",1719882,"5,42,59,41,569.65",117888
07-Nov-2024,EQ,"3,180.00","3,186.05","3,108.10","3,177.05","3,126.00","3,120.85","3,133.57","3,886.95","3,055.65",1608603,"5,04,06,72,080.85",146326
06-Nov-2024,EQ,"3,145.00","3,208.95","3,114.00","3,230.25","3,183.55","3,177.05","3,159.06","3,886.95","3,055.65",4522923,"14,28,81,85,047.15",270551
05-Nov-2024,EQ,"3,206.00","3,258.90","3,185.00","3,222.00","3,235.00","3,230.25","3,217.14","3,886.95","3,055.65",872402,"2,80,66,41,795.30",74263
04-Nov-2024,EQ,"3,318.00","3,318.00","3,190.10","3,293.70","3,222.95","3,222.00","3,220.83","3,886.95","3,055.65",1122152,"3,61,42,55,915.60",135910
01-Nov-2024,EQ,"3,304.00","3,317.60","3,282.35","3,267.05","3,300.00","3,293.70","3,297.36","3,886.95","3,055.65",176636,"58,24,32,999.80",20929
31-Oct-2024,EQ,"3,291.00","3,299.90","3,253.60","3,308.45","3,277.00","3,267.05","3,267.13","3,886.95","3,055.65",1170306,"3,82,35,43,033.15",111970
30-Oct-2024,EQ,"3,261.00","3,321.80","3,235.10","3,283.40","3,306.95","3,308.45","3,295.03","3,886.95","3,055.65",895278,"2,94,99,68,950.85",93877
29-Oct-2024,EQ,"3,285.80","3,298.00","3,227.00","3,283.05","3,289.00","3,283.40","3,265.95","3,886.95","3,055.65",702769,"2,29,52,11,634.50",58963
28-Oct-2024,EQ,"3,270.00","3,315.00","3,254.05","3,266.55","3,283.95","3,283.05","3,288.17","3,886.95","3,055.65",736462,"2,42,16,09,489.75",66122
25-Oct-2024,EQ,"3,332.00","3,342.35","3,232.35","3,330.90","3,271.45","3,266.55","3,270.55","3,886.95","3,055.65",805013,"2,63,28,37,638.60",103742
24-Oct-2024,EQ,"3,301.05","3,342.90","3,279.20","3,288.60","3,336.40","3,330.90","3,317.56","3,886.95","3,055.65",764369,"2,53,58,37,873.45",76220
23-Oct-2024,EQ,"3,330.00","3,335.00","3,282.50","3,329.80","3,289.80","3,288.60","3,308.31","3,886.95","3,055.65",877837,"2,90,41,58,625.20",87446
22-Oct-2024,EQ,"3,374.90","3,421.50","3,319.25","3,363.25","3,330.00","3,329.80","3,352.35","3,886.95","3,055.65",882086,"2,95,70,62,238.75",80744
21-Oct-2024,EQ,"3,417.95","3,419.85","3,335.50","3,381.45","3,355.00","3,363.25","3,366.48","3,886.95","3,055.65",714746,"2,40,61,76,521.10",81435
18-Oct-2024,EQ,"3,395.00","3,422.35","3,296.10","3,403.35","3,394.00","3,381.45","3,368.68","3,886.95","3,055.65",1249585,"4,20,94,47,427.25",115811
17-Oct-2024,EQ,"3,487.00","3,487.00","3,380.10","3,471.00","3,385.80","3,403.35","3,432.19","3,886.95","3,055.65",560796,"1,92,47,58,421.50",56093
16-Oct-2024,EQ,"3,508.00","3,510.00","3,440.00","3,508.50","3,466.00","3,471.00","3,465.96","3,886.95","3,055.65",591644,"2,05,06,13,470.35",58864
15-Oct-2024,EQ,"3,523.95","3,529.45","3,477.00","3,497.80","3,508.80","3,508.50","3,502.61","3,886.95","3,055.65",578719,"2,02,70,26,257.20",49494
14-Oct-2024,EQ,"3,474.40","3,525.00","3,452.55","3,474.40","3,508.00","3,497.80","3,498.08","3,886.95","3,055.65",593206,"2,07,50,82,223.25",56723
11-Oct-2024,EQ,"3,464.00","3,491.00","3,444.30","3,447.25","3,474.90","3,474.40","3,468.31","3,886.95","3,055.65",858463,"2,97,74,11,597.50",62387
10-Oct-2024,EQ,"3,510.00","3,531.55","3,415.10","3,493.45","3,458.20","3,447.25","3,462.04","3,886.95","3,055.65",1488328,"5,15,26,47,296.75",110044
09-Oct-2024,EQ,"3,518.00","3,558.80","3,486.60","3,493.35","3,499.90","3,493.45","3,515.99","3,886.95","3,055.65",1063802,"3,74,03,13,032.20",107963
08-Oct-2024,EQ,"3,589.25","3,595.00","3,480.00","3,589.25","3,504.90","3,493.35","3,523.16","3,886.95","3,055.65",1360120,"4,79,19,19,353.15",126793
07-Oct-2024,EQ,"3,739.95","3,748.00","3,552.30","3,670.10","3,575.00","3,589.25","3,602.31","3,886.95","3,055.65",2523321,"9,08,97,83,038.40",183567
04-Oct-2024,EQ,"3,625.00","3,753.80","3,625.00","3,674.95","3,692.00","3,670.10","3,701.28","3,886.95","3,055.65",1542987,"5,71,10,33,655.20",129724
03-Oct-2024,EQ,"3,689.10","3,782.00","3,650.05","3,775.95","3,684.45","3,674.95","3,702.57","3,886.95","3,055.65",1597560,"5,91,50,70,864.95",125658
01-Oct-2024,EQ,"3,823.95","3,837.95","3,757.00","3,823.95","3,782.95","3,775.95","3,778.23","3,886.95","3,055.65",774221,"2,92,51,82,981.30",85425
30-Sep-2024,EQ,"3,786.00","3,863.55","3,786.00","3,816.70","3,828.00","3,823.95","3,833.65","3,886.95","3,055.65",1068609,"4,09,66,71,801.20",89364
27-Sep-2024,EQ,"3,774.00","3,867.00","3,751.20","3,757.55","3,816.00","3,816.70","3,825.64","3,886.95","3,055.65",2164755,"8,28,15,78,656.05",117484
26-Sep-2024,EQ,"3,738.00","3,777.15","3,701.40","3,737.25","3,754.00","3,757.55","3,734.30","3,886.95","3,055.65",1863893,"6,96,03,39,379.15",157213
25-Sep-2024,EQ,"3,800.00","3,803.55","3,710.05","3,784.90","3,742.00","3,737.25","3,741.89","3,886.95","3,055.65",942343,"3,52,61,46,041.10",75805
24-Sep-2024,EQ,"3,818.00","3,839.90","3,781.55","3,820.10","3,785.00","3,784.90","3,805.38","3,886.95","3,055.65",1281513,"4,87,66,48,043.70",83598
23-Sep-2024,EQ,"3,797.20","3,829.00","3,781.00","3,797.20","3,814.45","3,820.10","3,815.58","3,886.95","3,055.65",530107,"2,02,26,65,888.00",50627
20-Sep-2024,EQ,"3,793.00","3,819.00","3,740.00","3,780.95","3,795.60","3,797.20","3,792.40","3,886.95","3,055.65",1951755,"7,40,18,32,467.95",130608
19-Sep-2024,EQ,"3,750.00","3,795.00","3,741.10","3,725.35","3,793.00","3,780.95","3,775.07","3,886.95","3,055.65",945257,"3,56,84,10,365.65",79488
18-Sep-2024,EQ,"3,769.00","3,786.00","3,708.00","3,767.40","3,726.80","3,725.35","3,745.00","3,886.95","3,055.65",420638,"1,57,52,88,762.50",38930
17-Sep-2024,EQ,"3,759.90","3,777.00","3,727.30","3,740.65","3,764.70","3,767.40","3,758.93","3,886.95","3,055.65",392339,"1,47,47,76,591.65",45477
16-Sep-2024,EQ,"3,768.00","3,789.00","3,735.40","3,767.00","3,741.45","3,740.65","3,756.70","3,886.95","3,055.65",386602,"1,45,23,47,363.80",37412
13-Sep-2024,EQ,"3,777.00","3,799.85","3,740.00","3,764.25","3,762.55","3,767.00","3,771.02","3,886.95","3,055.65",1003355,"3,78,36,75,145.35",87140
12-Sep-2024,EQ,"3,736.00","3,774.00","3,711.10","3,711.10","3,758.00","3,764.25","3,749.75","3,886.95","3,055.65",1337327,"5,01,46,47,866.05",112922
11-Sep-2024,EQ,"3,731.90","3,743.50","3,700.10","3,727.40","3,710.30","3,711.10","3,719.79","3,886.95","3,055.65",831810,"3,09,41,60,897.90",88291
10-Sep-2024,EQ,"3,704.00","3,750.00","3,666.00","3,684.55","3,720.50","3,727.40","3,722.70","3,886.95","3,055.65",1109078,"4,12,87,60,610.40",99559
09-Sep-2024,EQ,"3,690.10","3,724.45","3,653.75","3,695.50","3,675.60","3,684.55","3,685.43","3,886.95","3,055.65",923357,"3,40,29,63,072.10",75203
06-Sep-2024,EQ,"3,714.95","3,742.00","3,665.00","3,722.85","3,697.50","3,695.50","3,691.85","3,886.95","3,055.65",1408795,"5,20,10,66,241.45",112804
05-Sep-2024,EQ,"3,616.60","3,753.95","3,600.40","3,607.70","3,720.00","3,722.85","3,709.07","3,886.95","3,055.65",3437885,"12,75,13,63,964.15",229845
04-Sep-2024,EQ,"3,586.10","3,617.50","3,568.20","3,621.15","3,607.00","3,607.70","3,598.08","3,886.95","3,055.65",529856,"1,90,64,66,024.90",55873
03-Sep-2024,EQ,"3,587.55","3,634.90","3,560.15","3,587.55","3,620.00","3,621.15","3,608.58","3,886.95","3,055.65",1112614,"4,01,49,52,127.50",77057
02-Sep-2024,EQ,"3,565.15","3,601.95","3,552.00","3,565.15","3,585.00","3,587.55","3,581.87","3,886.95","3,055.65",718800,"2,57,46,45,877.55",62659
30-Aug-2024,EQ,"3,550.00","3,598.00","3,542.50","3,533.20","3,570.00","3,565.15","3,567.34","3,886.95","3,040.70",2116894,"7,55,16,84,723.65",106930
29-Aug-2024,EQ,"3,537.00","3,553.75","3,510.00","3,527.50","3,544.85","3,533.20","3,530.49","3,886.95","3,040.70",927472,"3,27,44,27,793.55",90704
28-Aug-2024,EQ,"3,559.65","3,579.95","3,519.90","3,551.25","3,532.00","3,527.50","3,546.04","3,886.95","3,040.70",727481,"2,57,96,75,627.25",64889
27-Aug-2024,EQ,"3,630.20","3,658.80","3,530.50","3,630.20","3,560.00","3,551.25","3,584.98","3,886.95","3,040.70",1169007,"4,19,08,70,378.60",85082
26-Aug-2024,EQ,"3,592.00","3,640.00","3,574.05","3,570.00","3,628.00","3,630.20","3,617.09","3,886.95","3,040.70",1156681,"4,18,38,22,530.85",73725
23-Aug-2024,EQ,"3,611.45","3,622.85","3,544.00","3,604.40","3,571.00","3,570.00","3,571.34","3,886.95","3,037.55",1173387,"4,19,05,68,629.20",86803
22-Aug-2024,EQ,"3,574.95","3,625.00","3,553.70","3,560.40","3,601.00","3,604.40","3,599.26","3,886.95","3,037.55",1531544,"5,51,24,20,941.25",105625
21-Aug-2024,EQ,"3,474.90","3,582.00","3,454.55","3,474.90","3,559.00","3,560.40","3,544.64","3,886.95","3,037.55",1990034,"7,05,39,59,369.25",102771
20-Aug-2024,EQ,"3,480.00","3,483.10","3,454.40","3,464.85","3,476.60","3,474.90","3,470.59","3,886.95","3,037.55",526591,"1,82,75,80,151.80",57494
19-Aug-2024,EQ,"3,436.20","3,504.20","3,436.20","3,444.75","3,465.00","3,464.85","3,467.94","3,886.95","3,037.55",1135205,"3,93,68,17,848.15",79991
16-Aug-2024,EQ,"3,410.00","3,450.10","3,370.20","3,402.15","3,447.00","3,444.75","3,411.93","3,886.95","2,978.05",1161982,"3,96,46,05,171.60",90506
14-Aug-2024,EQ,"3,390.00","3,416.20","3,356.85","3,383.55","3,400.10","3,402.15","3,396.09","3,886.95","2,978.05",997803,"3,38,86,32,728.35",86901
13-Aug-2024,EQ,"3,330.00","3,404.75","3,305.40","3,320.85","3,385.00","3,383.55","3,373.76","3,886.95","2,978.05",1314371,"4,43,43,69,472.20",89173
12-Aug-2024,EQ,"3,331.65","3,345.00","3,295.35","3,331.70","3,325.55","3,320.85","3,324.55","3,886.95","2,978.05",874598,"2,90,76,42,409.40",64796
09-Aug-2024,EQ,"3,350.00","3,350.00","3,285.10","3,296.50","3,331.00","3,331.70","3,312.69","3,886.95","2,882.45",1019809,"3,37,83,14,823.50",59468
08-Aug-2024,EQ,"3,337.00","3,359.95","3,283.90","3,326.25","3,291.80","3,296.50","3,311.58","3,886.95","2,882.45",1280733,"4,24,12,47,952.45",95820
07-Aug-2024,EQ,"3,360.00","3,368.85","3,317.05","3,335.10","3,330.00","3,326.25","3,330.11","3,886.95","2,882.45",1277139,"4,25,30,08,756.55",74372
06-Aug-2024,EQ,"3,380.95","3,416.35","3,321.10","3,375.95","3,348.00","3,335.10","3,365.79","3,886.95","2,882.45",976535,"3,28,68,07,469.80",85179
05-Aug-2024,EQ,"3,320.05","3,459.00","3,316.50","3,462.35","3,380.85","3,375.95","3,390.35","3,886.95","2,882.45",1932064,"6,55,03,76,732.10",135244
02-Aug-2024,EQ,"3,415.00","3,477.90","3,410.00","3,468.35","3,450.00","3,462.35","3,440.56","3,886.95","2,882.45",1168195,"4,01,92,50,507.15",88255
01-Aug-2024,EQ,"3,475.00","3,492.00","3,442.50","3,458.95","3,462.25","3,468.35","3,470.66","3,886.95","2,882.45",879399,"3,05,20,96,384.85",76114
31-Jul-2024,EQ,"3,479.05","3,499.90","3,446.55","3,468.25","3,464.65","3,458.95","3,466.60","3,886.95","2,882.45",1361595,"4,72,01,04,825.85",97885
30-Jul-2024,EQ,"3,424.95","3,479.00","3,410.60","3,411.70","3,472.00","3,468.25","3,451.49","3,886.95","2,882.45",1316880,"4,54,52,01,729.80",113381
29-Jul-2024,EQ,"3,495.00","3,499.55","3,388.00","3,494.15","3,425.95","3,411.70","3,422.41","3,886.95","2,882.45",2213293,"7,57,47,85,371.20",142862
26-Jul-2024,EQ,"3,405.80","3,501.70","3,393.00","3,405.80","3,484.05","3,494.15","3,467.38","3,886.95","2,882.45",1830745,"6,34,78,88,069.75",125761
25-Jul-2024,EQ,"3,415.00","3,454.40","3,384.45","3,478.40","3,405.00","3,405.80","3,412.43","3,886.95","2,882.45",1476422,"5,03,81,79,496.30",98976
24-Jul-2024,EQ,"3,470.00","3,552.50","3,462.15","3,466.85","3,469.50","3,478.40","3,506.15","3,886.95","2,882.45",3862140,"13,54,12,53,205.00",181038
23-Jul-2024,EQ,"3,255.10","3,490.00","3,232.15","3,254.45","3,468.00","3,466.85","3,421.16","3,886.95","2,882.45",7159507,"24,49,38,42,675.90",330158
22-Jul-2024,EQ,"3,250.00","3,273.40","3,223.20","3,259.00","3,249.00","3,254.45","3,256.52","3,886.95","2,882.45",696255,"2,26,73,65,042.20",58218
19-Jul-2024,EQ,"3,262.05","3,279.00","3,235.00","3,262.10","3,254.00","3,259.00","3,262.35","3,886.95","2,882.45",1111191,"3,62,50,90,452.60",70958
18-Jul-2024,EQ,"3,232.95","3,269.10","3,206.00","3,234.05","3,263.00","3,262.10","3,244.49","3,886.95","2,882.45",1086374,"3,52,47,27,824.50",93351
16-Jul-2024,EQ,"3,227.95","3,251.00","3,224.10","3,224.20","3,236.50","3,234.05","3,237.67","3,886.95","2,882.45",501336,"1,62,31,61,518.80",48876
15-Jul-2024,EQ,"3,241.75","3,252.40","3,205.40","3,229.85","3,225.00","3,224.20","3,224.02","3,886.95","2,882.45",1243810,"4,01,00,66,747.75",60665
12-Jul-2024,EQ,"3,266.00","3,269.00","3,220.05","3,248.60","3,221.45","3,229.85","3,242.66","3,886.95","2,882.45",1496692,"4,85,32,59,484.30",110008
11-Jul-2024,EQ,"3,246.95","3,258.75","3,230.00","3,225.00","3,250.00","3,248.60","3,245.42","3,886.95","2,882.45",1105185,"3,58,67,94,170.00",95909
10-Jul-2024,EQ,"3,217.75","3,252.70","3,190.50","3,215.15","3,231.00","3,225.00","3,227.92","3,886.95","2,882.45",1437517,"4,64,01,83,300.90",103250
09-Jul-2024,EQ,"3,170.00","3,222.05","3,165.00","3,156.20","3,216.00","3,215.15","3,198.37","3,886.95","2,882.45",2044328,"6,53,85,19,349.45",119941
08-Jul-2024,EQ,"3,204.00","3,204.00","3,126.10","3,269.35","3,160.45","3,156.20","3,147.11","3,886.95","2,882.45",5323920,"16,75,49,53,927.60",385207
05-Jul-2024,EQ,"3,332.00","3,332.00","3,257.00","3,336.00","3,272.50","3,269.35","3,275.19","3,886.95","2,882.45",2001382,"6,55,49,07,749.90",192944
04-Jul-2024,EQ,"3,365.00","3,369.90","3,330.00","3,360.25","3,338.00","3,336.00","3,343.83","3,886.95","2,882.45",741143,"2,47,82,57,079.70",58236
03-Jul-2024,EQ,"3,420.80","3,426.95","3,341.90","3,399.65","3,362.00","3,360.25","3,378.33","3,886.95","2,882.45",980605,"3,31,28,06,737.10",74950
02-Jul-2024,EQ,"3,446.00","3,450.00","3,385.30","3,431.45","3,400.05","3,399.65","3,410.17","3,886.95","2,882.45",878947,"2,99,73,62,276.25",74521
01-Jul-2024,EQ,"3,382.00","3,435.00","3,381.50","3,404.20","3,434.95","3,431.45","3,415.39","3,886.95","2,882.45",1001832,"3,42,16,48,117.35",63947
28-Jun-2024,EQ,"3,380.60","3,419.90","3,366.35","3,380.60","3,403.00","3,404.20","3,400.74","3,886.95","2,882.45",1005498,"3,41,94,35,941.20",99506
27-Jun-2024,EQ,"3,370.00","3,392.50","3,361.05","3,372.75","3,379.70","3,380.60","3,375.35","3,886.95","2,882.45",1462935,"4,93,79,10,978.00",113899
26-Jun-2024,EQ,"3,401.50","3,401.50","3,370.00","3,402.45","3,375.90","3,372.75","3,379.76","3,886.95","2,882.45",1485709,"5,02,13,38,816.90",103499
25-Jun-2024,EQ,"3,412.55","3,423.40","3,384.90","3,412.35","3,404.00","3,402.45","3,399.74","3,886.95","2,882.45",1299560,"4,41,81,68,428.15",61065
24-Jun-2024,EQ,"3,380.35","3,429.00","3,372.30","3,399.75","3,419.00","3,412.35","3,404.38","3,886.95","2,882.45",645002,"2,19,58,30,196.60",54751
21-Jun-2024,EQ,"3,430.70","3,473.65","3,383.40","3,435.95","3,400.05","3,399.75","3,409.16","3,886.95","2,882.45",2707405,"9,22,99,85,382.85",168682
20-Jun-2024,EQ,"3,474.00","3,490.00","3,418.10","3,462.35","3,443.85","3,435.95","3,442.85","3,886.95","2,882.45",2377432,"8,18,51,41,364.65",148754
19-Jun-2024,EQ,"3,595.00","3,595.00","3,456.00","3,589.00","3,459.75","3,462.35","3,488.09","3,886.95","2,882.45",1862394,"6,49,61,96,538.40",167833
18-Jun-2024,EQ,"3,554.80","3,625.00","3,538.00","3,530.05","3,586.00","3,589.00","3,595.24","3,886.95","2,882.45",1585048,"5,69,86,20,533.80",110262
14-Jun-2024,EQ,"3,490.00","3,535.00","3,479.00","3,472.20","3,531.00","3,530.05","3,504.86","3,886.95","2,833.25",2346892,"8,22,55,31,474.90",126264
13-Jun-2024,EQ,"3,424.95","3,477.10","3,390.00","3,382.30","3,472.90","3,472.20","3,447.69","3,886.95","2,833.25",1753028,"6,04,39,04,525.65",120064
12-Jun-2024,EQ,"3,411.35","3,418.90","3,370.85","3,410.70","3,384.95","3,382.30","3,384.71","3,886.95","2,833.25",2054168,"6,95,27,58,352.45",130719
11-Jun-2024,EQ,"3,418.20","3,438.30","3,401.90","3,422.20","3,408.40","3,410.70","3,416.03","3,886.95","2,833.25",1086157,"3,71,03,49,599.35",58591
10-Jun-2024,EQ,"3,443.00","3,452.00","3,390.00","3,444.05","3,420.00","3,422.20","3,414.81","3,886.95","2,833.25",1655552,"5,65,33,96,315.80",95993
07-Jun-2024,EQ,"3,294.40","3,456.60","3,294.40","3,321.65","3,434.80","3,444.05","3,403.15","3,886.95","2,833.25",2084099,"7,09,24,94,619.15",136449
06-Jun-2024,EQ,"3,329.00","3,360.00","3,290.75","3,317.65","3,333.00","3,321.65","3,319.34","3,886.95","2,833.25",1825503,"6,05,94,68,577.05",147143
05-Jun-2024,EQ,"3,266.00","3,334.00","3,201.05","3,238.95","3,314.05","3,317.65","3,294.25","3,886.95","2,833.25",1396386,"4,60,00,42,650.85",119199
04-Jun-2024,EQ,"3,261.20","3,295.20","3,055.65","3,261.20","3,260.00","3,238.95","3,215.72","3,886.95","2,833.25",2934800,"9,43,74,93,407.50",266725
03-Jun-2024,EQ,"3,310.00","3,332.95","3,250.00","3,241.90","3,260.00","3,261.20","3,276.32","3,886.95","2,833.25",1378542,"4,51,65,41,363.35",132424
31-May-2024,EQ,"3,298.00","3,328.80","3,216.75","3,271.85","3,250.90","3,241.90","3,265.92","3,886.95","2,745.00",2524214,"8,24,38,68,713.15",162003
30-May-2024,EQ,"3,365.00","3,365.00","3,254.00","3,380.40","3,289.00","3,271.85","3,295.40","3,886.95","2,745.00",2365535,"7,79,53,95,309.15",249490
29-May-2024,EQ,"3,405.35","3,418.00","3,371.10","3,409.40","3,378.00","3,380.40","3,397.18","3,886.95","2,745.00",519533,"1,76,49,47,999.35",54859
28-May-2024,EQ,"3,404.00","3,423.00","3,392.15","3,403.40","3,409.75","3,409.40","3,406.28","3,886.95","2,745.00",548576,"1,86,86,04,064.95",50153
27-May-2024,EQ,"3,423.95","3,436.30","3,390.30","3,412.40","3,404.00","3,403.40","3,412.87","3,886.95","2,745.00",804488,"2,74,56,14,415.70",69087
24-May-2024,EQ,"3,452.10","3,455.05","3,404.20","3,452.05","3,411.00","3,412.40","3,426.08","3,886.95","2,670.00",878625,"3,01,02,41,182.40",77558
23-May-2024,EQ,"3,383.00","3,460.40","3,377.75","3,383.85","3,444.65","3,452.05","3,429.39","3,886.95","2,670.00",977789,"3,35,32,19,427.75",105243
22-May-2024,EQ,"3,384.75","3,403.10","3,360.00","3,377.00","3,382.95","3,383.85","3,386.61","3,886.95","2,670.00",626567,"2,12,19,40,815.35",71504
21-May-2024,EQ,"3,355.00","3,380.30","3,351.00","3,362.55","3,375.00","3,377.00","3,369.49","3,886.95","2,670.00",827674,"2,78,88,40,489.40",80838
18-May-2024,EQ,"3,376.00","3,376.00","3,345.00","3,361.15","3,363.00","3,362.55","3,362.73","3,886.95","2,670.00",56642,"19,04,71,605.15",6444
17-May-2024,EQ,"3,347.95","3,368.00","3,308.00","3,333.90","3,365.30","3,361.15","3,347.81","3,886.95","2,670.00",1194228,"3,99,80,43,624.65",89306
16-May-2024,EQ,"3,276.30","3,348.00","3,251.30","3,268.55","3,338.00","3,333.90","3,290.00","3,886.95","2,670.00",1404971,"4,62,23,60,721.70",148459
15-May-2024,EQ,"3,304.00","3,306.45","3,260.00","3,288.90","3,269.90","3,268.55","3,276.82","3,886.95","2,670.00",657036,"2,15,29,86,020.30",72285
14-May-2024,EQ,"3,250.00","3,308.00","3,250.00","3,253.65","3,290.10","3,288.90","3,289.48","3,886.95","2,670.00",620163,"2,04,00,15,263.40",68973
13-May-2024,EQ,"3,307.50","3,308.00","3,230.50","3,289.85","3,256.40","3,253.65","3,256.12","3,886.95","2,670.00",1294603,"4,21,53,83,855.35",115253
10-May-2024,EQ,"3,258.10","3,306.20","3,242.75","3,245.70","3,292.90","3,289.85","3,286.19","3,886.95","2,670.00",1307103,"4,29,53,83,125.45",108217
09-May-2024,EQ,"3,259.85","3,322.50","3,233.00","3,259.85","3,244.50","3,245.70","3,266.63","3,886.95","2,670.00",1860654,"6,07,80,77,254.35",199058
08-May-2024,EQ,"3,275.40","3,281.00","3,238.45","3,270.90","3,255.00","3,259.85","3,255.85","3,886.95","2,670.00",2054981,"6,69,07,00,307.90",199156
07-May-2024,EQ,"3,330.00","3,332.00","3,227.00","3,280.15","3,286.40","3,270.90","3,260.54","3,886.95","2,670.00",3111444,"10,14,50,00,464.25",294044
06-May-2024,EQ,"3,476.00","3,488.80","3,257.00","3,533.90","3,284.00","3,280.15","3,320.04","3,886.95","2,670.00",6891728,"22,88,07,94,922.95",587365
03-May-2024,EQ,"3,595.00","3,599.00","3,492.00","3,568.45","3,514.75","3,533.90","3,535.67","3,886.95","2,633.40",1681592,"5,94,55,60,864.55",150832
02-May-2024,EQ,"3,585.00","3,598.00","3,546.30","3,589.25","3,574.10","3,568.45","3,568.49","3,886.95","2,633.40",1435891,"5,12,39,64,563.00",142565
30-Apr-2024,EQ,"3,602.65","3,619.50","3,580.00","3,604.85","3,595.00","3,589.25","3,597.42","3,886.95","2,633.40",963220,"3,46,51,04,108.05",82036
29-Apr-2024,EQ,"3,585.00","3,613.45","3,573.15","3,584.80","3,605.00","3,604.85","3,595.71","3,886.95","2,633.40",703524,"2,52,96,70,575.35",79880
26-Apr-2024,EQ,"3,588.00","3,593.25","3,556.30","3,571.10","3,590.75","3,584.80","3,580.58","3,886.95","2,570.00",798783,"2,86,01,04,542.80",114513
25-Apr-2024,EQ,"3,595.00","3,602.50","3,541.00","3,609.75","3,570.00","3,571.10","3,571.38","3,886.95","2,570.00",1889163,"6,74,69,24,952.15",167582
24-Apr-2024,EQ,"3,642.00","3,644.85","3,580.05","3,633.00","3,608.00","3,609.75","3,610.13","3,886.95","2,570.00",652811,"2,35,67,29,909.15",66541
23-Apr-2024,EQ,"3,619.95","3,648.00","3,605.15","3,596.75","3,635.00","3,633.00","3,632.54","3,886.95","2,570.00",769991,"2,79,70,23,033.55",63319
22-Apr-2024,EQ,"3,567.00","3,615.00","3,552.00","3,563.05","3,604.00","3,596.75","3,587.47","3,886.95","2,570.00",668659,"2,39,87,95,089.90",59316
19-Apr-2024,EQ,"3,525.10","3,571.20","3,478.25","3,525.10","3,562.00","3,563.05","3,534.54","3,886.95","2,559.25",1507940,"5,32,98,70,225.30",144658
18-Apr-2024,EQ,"3,645.90","3,660.00","3,501.00","3,645.90","3,538.80","3,525.10","3,583.60","3,886.95","2,559.25",1677946,"6,01,30,90,218.85",161969
16-Apr-2024,EQ,"3,589.00","3,653.20","3,583.00","3,600.60","3,651.00","3,645.90","3,633.46","3,886.95","2,559.25",1116890,"4,05,81,77,858.90",95188
15-Apr-2024,EQ,"3,607.00","3,639.20","3,590.00","3,619.30","3,602.90","3,600.60","3,608.67","3,886.95","2,559.25",854076,"3,08,20,80,690.10",96444
12-Apr-2024,EQ,"3,689.55","3,694.80","3,609.45","3,711.20","3,623.00","3,619.30","3,638.51","3,886.95","2,559.25",1910561,"6,95,15,89,328.70",168409
10-Apr-2024,EQ,"3,690.00","3,720.35","3,681.45","3,679.35","3,709.95","3,711.20","3,704.35","3,886.95","2,559.25",567546,"2,10,23,89,697.55",60486
09-Apr-2024,EQ,"3,755.00","3,761.00","3,664.35","3,748.90","3,682.30","3,679.35","3,701.44","3,886.95","2,559.25",745285,"2,75,86,24,720.65",77158
08-Apr-2024,EQ,"3,798.65","3,808.30","3,720.35","3,754.45","3,742.90","3,748.90","3,755.40","3,886.95","2,559.25",849267,"3,18,93,36,452.80",61882
05-Apr-2024,EQ,"3,778.40","3,801.90","3,741.00","3,782.75","3,754.65","3,754.45","3,766.30","3,886.95","2,513.30",623873,"2,34,96,92,508.85",80300
04-Apr-2024,EQ,"3,740.00","3,792.30","3,679.00","3,712.50","3,785.00","3,782.75","3,739.16","3,886.95","2,513.30",1177617,"4,40,32,98,675.90",134556
03-Apr-2024,EQ,"3,745.10","3,752.00","3,705.00","3,755.95","3,716.00","3,712.50","3,726.71","3,886.95","2,513.30",801601,"2,98,73,37,278.60",93862
02-Apr-2024,EQ,"3,754.00","3,781.45","3,734.10","3,738.40","3,755.00","3,755.95","3,756.55","3,886.95","2,513.30",677963,"2,54,67,99,942.75",58743
01-Apr-2024,EQ,"3,822.95","3,832.55","3,730.50","3,801.80","3,745.95","3,738.40","3,761.49","3,886.95","2,513.30",964052,"3,62,62,75,731.40",94149
28-Mar-2024,EQ,"3,760.00","3,838.30","3,732.55","3,759.40","3,800.00","3,801.80","3,790.94","3,886.95","2,466.80",1590738,"6,03,03,99,631.40",135540
27-Mar-2024,EQ,"3,699.00","3,784.90","3,692.80","3,698.20","3,758.00","3,759.40","3,740.49","3,886.95","2,466.80",1315714,"4,92,14,14,371.65",104737
26-Mar-2024,EQ,"3,665.00","3,729.95","3,665.00","3,706.70","3,699.30","3,698.20","3,700.94","3,886.95","2,466.80",1158224,"4,28,65,14,794.15",102991
22-Mar-2024,EQ,"3,627.55","3,726.90","3,621.25","3,627.55","3,692.05","3,706.70","3,687.26","3,886.95","2,441.55",1281102,"4,72,37,60,419.55",135691
21-Mar-2024,EQ,"3,606.95","3,637.00","3,590.05","3,590.50","3,630.00","3,627.55","3,615.70","3,886.95","2,441.55",767905,"2,77,65,10,565.20",89102
20-Mar-2024,EQ,"3,583.40","3,596.90","3,550.00","3,583.40","3,592.70","3,590.50","3,575.27","3,886.95","2,441.55",526882,"1,88,37,43,241.75",74528
19-Mar-2024,EQ,"3,579.00","3,606.65","3,547.05","3,579.70","3,577.00","3,583.40","3,581.71","3,886.95","2,441.55",554444,"1,98,58,56,581.00",54308
18-Mar-2024,EQ,"3,619.00","3,620.00","3,565.10","3,633.20","3,579.00","3,579.70","3,582.60","3,886.95","2,441.55",785257,"2,81,32,58,829.35",86558
15-Mar-2024,EQ,"3,634.70","3,655.95","3,610.00","3,640.15","3,638.00","3,633.20","3,631.33","3,886.95","2,321.00",1207241,"4,38,38,90,036.30",102456
14-Mar-2024,EQ,"3,629.95","3,648.00","3,580.15","3,625.70","3,644.00","3,640.15","3,622.37","3,886.95","2,321.00",1293906,"4,68,70,04,574.90",134240
13-Mar-2024,EQ,"3,759.00","3,762.00","3,590.00","3,748.80","3,630.00","3,625.70","3,643.43","3,886.95","2,321.00",1027729,"3,74,44,59,815.20",126484
12-Mar-2024,EQ,"3,762.00","3,766.00","3,713.50","3,750.15","3,753.20","3,748.80","3,744.61","3,886.95","2,321.00",564569,"2,11,40,92,807.90",79536
11-Mar-2024,EQ,"3,802.90","3,808.00","3,742.05","3,786.90","3,760.00","3,750.15","3,768.02","3,886.95","2,321.00",597848,"2,25,27,01,085.65",90531
07-Mar-2024,EQ,"3,812.05","3,824.25","3,768.10","3,810.75","3,785.00","3,786.90","3,793.73","3,886.95","2,321.00",838514,"3,18,10,97,122.30",94146
06-Mar-2024,EQ,"3,748.05","3,815.00","3,702.70","3,750.75","3,812.00","3,810.75","3,759.18","3,886.95","2,321.00",765602,"2,87,80,39,416.50",86981
05-Mar-2024,EQ,"3,748.00","3,759.15","3,708.00","3,732.40","3,750.05","3,750.75","3,738.53","3,886.95","2,321.00",733660,"2,74,28,12,912.30",81496
04-Mar-2024,EQ,"3,761.60","3,764.10","3,715.00","3,764.10","3,730.95","3,732.40","3,737.62","3,886.95","2,321.00",787542,"2,94,35,30,903.95",66708
02-Mar-2024,EQ,"3,778.00","3,778.00","3,747.35","3,765.90","3,765.95","3,764.10","3,761.89","3,886.95","2,321.00",51206,"19,26,31,295.75",6652
01-Mar-2024,EQ,"3,630.00","3,774.00","3,626.00","3,624.40","3,761.05","3,765.90","3,725.53","3,886.95","2,321.00",1533727,"5,71,39,47,001.25",125237
29-Feb-2024,EQ,"3,595.20","3,654.00","3,585.30","3,594.70","3,640.00","3,624.40","3,618.73","3,886.95","2,321.00",1692242,"6,12,37,68,802.15",133944
28-Feb-2024,EQ,"3,655.00","3,669.00","3,582.15","3,653.85","3,608.00","3,594.70","3,616.16","3,886.95","2,321.00",538608,"1,94,76,91,420.90",70442
27-Feb-2024,EQ,"3,630.00","3,675.00","3,621.05","3,622.50","3,659.00","3,653.85","3,653.07","3,886.95","2,321.00",673959,"2,46,20,22,575.35",87840
26-Feb-2024,EQ,"3,690.00","3,690.00","3,610.85","3,691.95","3,619.00","3,622.50","3,640.20","3,886.95","2,321.00",546842,"1,99,06,16,949.25",66091
23-Feb-2024,EQ,"3,672.00","3,737.00","3,655.00","3,652.05","3,684.00","3,691.95","3,701.62","3,886.95","2,321.00",897831,"3,32,34,25,417.55",88689
22-Feb-2024,EQ,"3,676.00","3,676.00","3,555.35","3,656.35","3,654.95","3,652.05","3,614.02","3,886.95","2,321.00",1017437,"3,67,70,38,604.30",124560
21-Feb-2024,EQ,"3,652.05","3,707.50","3,640.00","3,686.70","3,650.00","3,656.35","3,677.86","3,886.95","2,321.00",660426,"2,42,89,57,272.75",72942
20-Feb-2024,EQ,"3,700.00","3,719.95","3,665.50","3,695.05","3,688.45","3,686.70","3,691.78","3,886.95","2,321.00",744107,"2,74,70,80,139.70",71356