DATE,SERIES,OPEN,HIGH,LOW,PREV. CLOSE,LTP,CLOSE,VWAP,52W H,52W L,VOLUME,VALUE,NO. OF  TRADES
20-Feb-2026,EQ,"4,200.50","4,252.10","4,200.20","4,198.20","4,232.00","4,236.40","4,239.50","4,378.40","2,925.00",532169,"2,25,61,28,873.50",45975
19-Feb-2026,EQ,"4,225.00","4,261.00","4,191.00","4,248.60","4,197.50","4,198.20","4,225.08","4,378.40","2,925.00",406232,"1,71,63,61,201.70",30185
18-Feb-2026,EQ,"4,251.00","4,257.90","4,214.30","4,236.40","4,251.00","4,248.60","4,244.49","4,378.40","2,925.00",387328,"1,64,40,10,703.10",41417
17-Feb-2026,EQ,"4,167.10","4,244.90","4,155.00","4,181.10","4,236.00","4,236.40","4,222.66","4,378.40","2,925.00",464123,"1,95,98,31,667.10",44562
16-Feb-2026,EQ,"4,155.00","4,196.00","4,128.80","4,179.20","4,172.00","4,181.10","4,170.40","4,378.40","2,925.00",500349,"2,08,66,54,574.90",45402
13-Feb-2026,EQ,"4,267.30","4,271.80","4,164.80","4,275.80","4,175.00","4,179.20","4,215.93","4,378.40","2,925.00",524758,"2,21,23,41,354.20",54022
12-Feb-2026,EQ,"4,232.40","4,286.40","4,182.30","4,249.10","4,267.00","4,275.80","4,245.22","4,378.40","2,925.00",998509,"4,23,88,90,373.50",82172
11-Feb-2026,EQ,"4,350.00","4,378.40","4,208.00","4,269.10","4,238.00","4,249.10","4,287.64","4,378.40","2,925.00",3342226,"14,33,02,75,044.10",200651
10-Feb-2026,EQ,"4,300.00","4,329.60","4,239.60","4,257.80","4,293.80","4,269.10","4,281.93","4,329.60","2,925.00",1713633,"7,33,76,60,108.00",111431
09-Feb-2026,EQ,"4,200.20","4,269.40","4,155.00","4,141.00","4,267.00","4,257.80","4,223.31","4,312.10","2,925.00",1092387,"4,61,34,84,606.30",73392
06-Feb-2026,EQ,"4,097.60","4,154.00","4,065.30","4,097.60","4,140.80","4,141.00","4,122.54","4,312.10","2,925.00",888701,"3,66,37,04,991.70",72975
05-Feb-2026,EQ,"4,152.30","4,152.30","4,063.10","4,144.00","4,106.70","4,097.60","4,091.05","4,312.10","2,925.00",693637,"2,83,77,04,631.00",49485
04-Feb-2026,EQ,"4,087.00","4,160.00","4,066.20","4,068.60","4,135.10","4,144.00","4,131.62","4,312.10","2,925.00",917279,"3,78,98,47,059.50",67222
03-Feb-2026,EQ,"4,143.00","4,143.00","4,044.10","3,953.20","4,080.30","4,068.60","4,080.43","4,312.10","2,925.00",1043274,"4,25,70,09,744.80",90644
02-Feb-2026,EQ,"4,000.00","4,000.00","3,893.30","3,985.30","3,961.80","3,953.20","3,934.73","4,312.10","2,925.00",1273196,"5,00,96,86,663.30",97721
01-Feb-2026,EQ,"3,988.00","4,143.50","3,870.40","3,977.40","3,944.00","3,985.30","4,022.90","4,312.10","2,925.00",1114181,"4,48,22,33,497.30",70200
30-Jan-2026,EQ,"3,945.00","3,995.00","3,909.80","3,939.70","3,982.10","3,977.40","3,966.09","4,312.10","2,925.00",1427639,"5,66,21,42,860.30",72896
29-Jan-2026,EQ,"3,960.80","3,968.60","3,843.10","3,975.20","3,945.00","3,939.70","3,900.15","4,312.10","2,925.00",1145612,"4,46,80,55,391.20",142577
28-Jan-2026,EQ,"4,002.00","4,025.80","3,964.90","3,997.00","3,980.00","3,975.20","3,983.13","4,312.10","2,925.00",809022,"3,22,24,39,594.00",61761
27-Jan-2026,EQ,"4,021.80","4,040.00","3,955.00","4,021.80","4,003.00","3,997.00","3,993.26","4,312.10","2,925.00",1760501,"7,03,01,38,323.70",110670
23-Jan-2026,EQ,"4,025.10","4,063.30","3,980.00","4,018.60","4,020.20","4,021.80","4,037.23","4,312.10","2,925.00",1015415,"4,09,94,67,780.70",82609
22-Jan-2026,EQ,"4,099.00","4,128.00","3,980.80","4,079.20","4,022.10","4,018.60","4,026.50","4,312.10","2,925.00",818966,"3,29,75,68,404.40",65636
21-Jan-2026,EQ,"4,075.50","4,109.90","4,053.50","4,075.50","4,090.70","4,079.20","4,079.31","4,312.10","2,925.00",552760,"2,25,48,81,652.90",87111
20-Jan-2026,EQ,"4,155.00","4,155.00","4,064.30","4,144.10","4,070.00","4,075.50","4,101.88","4,312.10","2,925.00",586156,"2,40,43,42,207.70",73277
19-Jan-2026,EQ,"4,165.70","4,207.40","4,129.10","4,196.90","4,140.00","4,144.10","4,155.78","4,312.10","2,925.00",365905,"1,52,06,20,577.20",49384
16-Jan-2026,EQ,"4,221.50","4,236.40","4,181.10","4,221.50","4,194.40","4,196.90","4,211.01","4,312.10","2,925.00",686949,"2,89,27,51,563.80",69324
14-Jan-2026,EQ,"4,241.90","4,283.00","4,211.00","4,239.20","4,215.00","4,221.50","4,244.05","4,312.10","2,925.00",998692,"4,23,85,03,322.30",66594
13-Jan-2026,EQ,"4,231.60","4,267.60","4,210.00","4,231.60","4,233.50","4,239.20","4,245.02","4,312.10","2,925.00",770707,"3,27,16,69,713.20",48583
12-Jan-2026,EQ,"4,205.00","4,242.00","4,145.00","4,201.80","4,228.60","4,231.60","4,194.15","4,312.10","2,925.00",514767,"2,15,90,11,700.90",64099
09-Jan-2026,EQ,"4,231.00","4,279.00","4,183.10","4,249.00","4,205.00","4,201.80","4,214.65","4,312.10","2,925.00",883117,"3,72,20,30,066.90",64035
08-Jan-2026,EQ,"4,273.20","4,303.20","4,239.00","4,273.20","4,242.20","4,249.00","4,270.85","4,312.10","2,925.00",1055725,"4,50,88,45,482.00",78371
07-Jan-2026,EQ,"4,225.00","4,312.10","4,202.00","4,111.80","4,273.90","4,273.20","4,275.23","4,312.10","2,925.00",3496340,"14,94,76,44,025.70",201910
06-Jan-2026,EQ,"4,079.70","4,120.50","4,068.50","4,079.70","4,112.00","4,111.80","4,100.58","4,120.50","2,925.00",820331,"3,36,38,33,259.30",54530
05-Jan-2026,EQ,"4,051.70","4,094.00","4,046.00","4,051.70","4,076.00","4,079.70","4,078.84","4,094.00","2,925.00",629273,"2,56,67,03,033.80",48473
02-Jan-2026,EQ,"4,039.00","4,060.00","3,986.20","4,049.30","4,050.30","4,051.70","4,038.19","4,068.00","2,925.00",659997,"2,66,51,90,286.80",49671
01-Jan-2026,EQ,"4,063.70","4,068.00","4,035.70","4,051.50","4,049.40","4,049.30","4,052.33","4,068.00","2,925.00",444679,"1,80,19,84,173.70",46443
31-Dec-2025,EQ,"3,984.00","4,061.90","3,975.10","3,974.10","4,048.00","4,051.50","4,047.56","4,061.90","2,925.00",1358731,"5,49,95,42,591.70",75944
30-Dec-2025,EQ,"3,982.00","3,993.50","3,954.10","3,983.70","3,973.00","3,974.10","3,978.61","4,031.70","2,925.00",1169570,"4,65,32,63,576.10",81600
29-Dec-2025,EQ,"4,010.00","4,031.70","3,978.00","3,992.00","3,985.00","3,983.70","4,006.24","4,031.70","2,925.00",1242846,"4,97,91,33,601.00",104232
26-Dec-2025,EQ,"3,908.90","4,006.90","3,900.00","3,909.30","3,994.00","3,992.00","3,980.01","4,006.90","2,925.00",1113050,"4,42,99,46,017.10",71810
24-Dec-2025,EQ,"3,925.80","3,935.00","3,900.00","3,925.80","3,920.00","3,909.30","3,912.46","3,961.90","2,925.00",399227,"1,56,19,57,934.90",27447
23-Dec-2025,EQ,"3,933.80","3,956.30","3,916.40","3,933.80","3,916.60","3,925.80","3,937.52","3,961.90","2,925.00",445656,"1,75,47,79,175.00",38814
22-Dec-2025,EQ,"3,940.00","3,950.80","3,917.10","3,930.10","3,928.20","3,933.80","3,935.00","3,961.90","2,925.00",569521,"2,24,10,67,512.50",59275
19-Dec-2025,EQ,"3,919.00","3,961.90","3,913.00","3,919.30","3,933.50","3,930.10","3,937.88","3,961.90","2,925.00",730780,"2,87,77,27,024.30",73468
18-Dec-2025,EQ,"3,900.00","3,924.00","3,890.10","3,907.90","3,919.90","3,919.30","3,909.92","3,956.00","2,925.00",516547,"2,01,96,56,248.20",46918
17-Dec-2025,EQ,"3,930.00","3,935.70","3,890.00","3,929.50","3,906.90","3,907.90","3,913.18","3,956.00","2,925.00",601010,"2,35,18,58,656.60",56339
16-Dec-2025,EQ,"3,850.00","3,937.50","3,828.00","3,866.20","3,930.00","3,929.50","3,904.79","3,956.00","2,925.00",1560827,"6,09,47,05,839.20",91372
15-Dec-2025,EQ,"3,861.30","3,876.40","3,850.00","3,880.20","3,855.00","3,866.20","3,863.41","3,956.00","2,925.00",332337,"1,28,39,54,565.70",36163
12-Dec-2025,EQ,"3,844.80","3,894.80","3,831.90","3,844.80","3,871.00","3,880.20","3,875.31","3,956.00","2,925.00",547866,"2,12,31,50,900.80",45620
11-Dec-2025,EQ,"3,830.40","3,855.80","3,777.00","3,845.70","3,850.00","3,844.80","3,830.09","3,956.00","2,925.00",669180,"2,56,30,19,540.30",49602
10-Dec-2025,EQ,"3,831.00","3,858.20","3,825.60","3,849.00","3,830.40","3,845.70","3,843.07","3,956.00","2,925.00",616248,"2,36,82,82,974.40",50470
09-Dec-2025,EQ,"3,775.00","3,874.00","3,751.00","3,767.00","3,840.10","3,849.00","3,834.45","3,956.00","2,925.00",1121068,"4,29,86,81,982.90",92653
08-Dec-2025,EQ,"3,796.30","3,825.00","3,758.10","3,813.30","3,760.50","3,767.00","3,792.22","3,956.00","2,925.00",545864,"2,07,00,35,083.90",80449
05-Dec-2025,EQ,"3,777.00","3,828.00","3,777.00","3,800.40","3,813.00","3,813.30","3,815.44","3,956.00","2,925.00",508448,"1,93,99,55,053.20",33788
04-Dec-2025,EQ,"3,805.00","3,830.00","3,778.00","3,817.80","3,794.00","3,800.40","3,806.67","3,956.00","2,925.00",776693,"2,95,66,13,836.40",68347
03-Dec-2025,EQ,"3,870.00","3,880.00","3,785.90","3,885.80","3,820.00","3,817.80","3,834.25","3,956.00","2,925.00",770638,"2,95,48,21,683.90",63741
02-Dec-2025,EQ,"3,875.00","3,899.60","3,867.50","3,894.90","3,886.50","3,885.80","3,883.61","3,956.00","2,925.00",661018,"2,56,71,38,009.50",56435
01-Dec-2025,EQ,"3,907.70","3,910.70","3,861.30","3,907.70","3,888.00","3,894.90","3,884.58","3,956.00","2,925.00",603073,"2,34,26,86,154.50",54745
28-Nov-2025,EQ,"3,906.20","3,934.90","3,896.50","3,903.30","3,900.00","3,907.70","3,913.89","3,956.00","2,925.00",574817,"2,24,97,70,708.40",51721
27-Nov-2025,EQ,"3,900.60","3,927.00","3,875.10","3,897.70","3,907.50","3,903.30","3,907.77","3,956.00","2,925.00",542241,"2,11,89,52,439.50",50635
26-Nov-2025,EQ,"3,845.00","3,914.50","3,843.50","3,855.10","3,899.60","3,897.70","3,893.74","3,956.00","2,925.00",364592,"1,41,96,24,757.80",43153
25-Nov-2025,EQ,"3,874.40","3,908.40","3,845.00","3,874.30","3,847.10","3,855.10","3,872.42","3,956.00","2,925.00",680366,"2,63,46,60,808.60",48164
24-Nov-2025,EQ,"3,915.50","3,937.20","3,865.00","3,904.20","3,892.20","3,874.30","3,885.15","3,956.00","2,925.00",1258036,"4,88,76,61,579.70",68977
21-Nov-2025,EQ,"3,901.00","3,925.00","3,882.10","3,902.40","3,902.10","3,904.20","3,906.36","3,956.00","2,925.00",383311,"1,49,73,52,037.70",43858
20-Nov-2025,EQ,"3,950.00","3,956.00","3,895.00","3,933.10","3,900.00","3,902.40","3,926.19","3,956.00","2,925.00",762391,"2,99,32,94,005.00",63827
19-Nov-2025,EQ,"3,882.90","3,940.50","3,862.40","3,879.20","3,934.80","3,933.10","3,914.00","3,940.50","2,925.00",1578123,"6,17,67,70,099.90",76028
18-Nov-2025,EQ,"3,865.00","3,900.00","3,841.60","3,868.60","3,885.00","3,879.20","3,869.17","3,900.00","2,925.00",849966,"3,28,86,62,094.70",42250
17-Nov-2025,EQ,"3,848.00","3,874.30","3,821.50","3,829.20","3,863.90","3,868.60","3,859.27","3,877.00","2,925.00",504928,"1,94,86,51,813.80",36355
14-Nov-2025,EQ,"3,839.20","3,854.70","3,800.00","3,839.20","3,816.10","3,829.20","3,822.33","3,877.00","2,925.00",575050,"2,19,80,29,846.20",52894
13-Nov-2025,EQ,"3,860.00","3,867.90","3,817.00","3,851.10","3,839.30","3,839.20","3,839.26","3,877.00","2,925.00",668623,"2,56,70,19,950.80",46378
12-Nov-2025,EQ,"3,838.00","3,877.00","3,804.20","3,812.40","3,834.00","3,851.10","3,854.93","3,877.00","2,925.00",805025,"3,10,33,15,362.40",77241
11-Nov-2025,EQ,"3,810.50","3,820.00","3,752.10","3,803.00","3,809.10","3,812.40","3,792.60","3,837.70","2,925.00",668789,"2,53,64,48,558.50",42317
10-Nov-2025,EQ,"3,788.00","3,815.00","3,769.30","3,769.30","3,800.00","3,803.00","3,799.84","3,837.70","2,925.00",599567,"2,27,82,58,786.50",38351
07-Nov-2025,EQ,"3,766.00","3,792.00","3,736.00","3,774.40","3,768.00","3,769.30","3,769.48","3,837.70","2,925.00",728998,"2,74,79,40,771.30",44483
06-Nov-2025,EQ,"3,780.00","3,837.70","3,761.60","3,813.50","3,770.00","3,774.40","3,792.65","3,837.70","2,925.00",927231,"3,51,66,64,336.00",66738
04-Nov-2025,EQ,"3,724.50","3,827.00","3,715.00","3,724.50","3,810.00","3,813.50","3,796.02","3,827.00","2,925.00",2524600,"9,58,34,31,974.60",145802
03-Nov-2025,EQ,"3,730.00","3,762.00","3,667.30","3,746.70","3,731.40","3,724.50","3,721.20","3,800.00","2,925.00",1119367,"4,16,53,89,760.60",73994
31-Oct-2025,EQ,"3,758.90","3,783.00","3,739.50","3,750.70","3,743.10","3,746.70","3,758.79","3,800.00","2,925.00",900994,"3,38,66,49,048.00",50278
30-Oct-2025,EQ,"3,745.00","3,773.90","3,720.10","3,748.30","3,753.40","3,750.70","3,747.68","3,800.00","2,925.00",544151,"2,03,93,03,251.40",45411
29-Oct-2025,EQ,"3,734.20","3,753.50","3,714.20","3,717.00","3,742.00","3,748.30","3,739.07","3,800.00","2,925.00",789557,"2,95,22,06,172.80",53913
28-Oct-2025,EQ,"3,750.00","3,770.00","3,688.10","3,739.80","3,737.00","3,717.00","3,715.96","3,800.00","2,925.00",1482961,"5,51,06,18,181.30",88448
27-Oct-2025,EQ,"3,714.00","3,753.90","3,710.00","3,714.90","3,733.00","3,739.80","3,735.78","3,800.00","2,925.00",856124,"3,19,82,87,834.50",66145
24-Oct-2025,EQ,"3,775.00","3,781.00","3,706.10","3,772.30","3,718.00","3,714.90","3,724.38","3,800.00","2,925.00",563296,"2,09,79,28,277.80",55383
23-Oct-2025,EQ,"3,765.00","3,800.00","3,738.30","3,729.00","3,763.30","3,772.30","3,771.34","3,800.00","2,925.00",1622402,"6,11,86,22,056.80",132329
21-Oct-2025,EQ,"3,737.20","3,746.00","3,719.00","3,737.20","3,743.30","3,729.00","3,733.71","3,749.90","2,925.00",156306,"58,36,01,050.80",11529
20-Oct-2025,EQ,"3,680.00","3,749.90","3,676.20","3,674.80","3,737.90","3,737.20","3,714.09","3,749.90","2,925.00",707974,"2,62,94,79,551.70",65105
17-Oct-2025,EQ,"3,635.00","3,715.00","3,633.00","3,640.30","3,670.00","3,674.80","3,687.22","3,740.00","2,925.00",1123500,"4,14,25,93,242.70",79482
16-Oct-2025,EQ,"3,549.00","3,652.00","3,540.00","3,549.00","3,636.00","3,640.30","3,630.09","3,740.00","2,925.00",1528118,"5,54,72,03,279.40",108363
15-Oct-2025,EQ,"3,532.90","3,561.90","3,511.00","3,537.40","3,543.20","3,549.00","3,542.64","3,740.00","2,925.00",1005045,"3,56,05,11,918.00",62931
14-Oct-2025,EQ,"3,533.00","3,549.40","3,506.50","3,533.60","3,528.00","3,537.40","3,524.68","3,740.00","2,925.00",925998,"3,26,38,44,837.60",73194
13-Oct-2025,EQ,"3,518.00","3,545.00","3,509.50","3,531.90","3,532.90","3,533.60","3,529.62","3,740.00","2,925.00",606122,"2,13,93,82,956.40",50849
10-Oct-2025,EQ,"3,548.90","3,571.70","3,523.30","3,550.60","3,529.00","3,531.90","3,549.47","3,748.00","2,925.00",825274,"2,92,92,82,600.10",60797
09-Oct-2025,EQ,"3,559.80","3,561.70","3,526.40","3,565.60","3,544.00","3,550.60","3,545.87","3,748.00","2,925.00",597739,"2,11,95,05,760.80",73798
08-Oct-2025,EQ,"3,474.00","3,580.00","3,460.00","3,418.20","3,565.00","3,565.60","3,554.91","3,748.00","2,925.00",4531362,"16,10,85,98,088.70",209805
07-Oct-2025,EQ,"3,425.00","3,445.90","3,411.00","3,425.40","3,419.00","3,418.20","3,431.85","3,748.00","2,925.00",996165,"3,41,86,84,038.40",58141
06-Oct-2025,EQ,"3,453.30","3,459.30","3,401.00","3,453.30","3,425.00","3,425.40","3,422.84","3,748.00","2,925.00",1184781,"4,05,53,20,446.50",79862
03-Oct-2025,EQ,"3,379.90","3,459.00","3,378.00","3,408.30","3,450.00","3,453.30","3,418.12","3,863.55","2,925.00",1655328,"5,65,81,03,027.70",77070
01-Oct-2025,EQ,"3,370.00","3,414.90","3,351.00","3,367.00","3,404.80","3,408.30","3,384.57","3,863.55","2,925.00",798754,"2,70,34,35,345.20",77101
30-Sep-2025,EQ,"3,452.00","3,474.50","3,355.00","3,401.20","3,372.90","3,367.00","3,399.11","3,863.55","2,925.00",1733728,"5,89,31,38,448.10",110770
29-Sep-2025,EQ,"3,327.00","3,418.00","3,327.00","3,327.30","3,417.00","3,401.20","3,382.02","3,863.55","2,925.00",1452636,"4,91,28,38,813.80",103274
26-Sep-2025,EQ,"3,387.70","3,402.00","3,303.10","3,378.50","3,333.00","3,327.30","3,335.36","3,867.00","2,925.00",7524068,"25,09,54,67,512.40",87123
25-Sep-2025,EQ,"3,408.00","3,419.90","3,370.00","3,418.30","3,388.70","3,378.50","3,382.41","3,867.00","2,925.00",1139904,"3,85,56,25,215.70",88587
24-Sep-2025,EQ,"3,430.00","3,437.40","3,411.00","3,439.20","3,411.00","3,418.30","3,422.39","3,867.00","2,925.00",690454,"2,36,30,01,895.50",50758
23-Sep-2025,EQ,"3,465.20","3,465.30","3,405.00","3,457.50","3,439.30","3,439.20","3,432.60","3,867.00","2,925.00",1144975,"3,93,02,44,874.20",63052
22-Sep-2025,EQ,"3,458.20","3,477.00","3,440.00","3,467.20","3,455.00","3,457.50","3,456.80","3,867.00","2,925.00",817833,"2,82,70,85,688.60",65974
19-Sep-2025,EQ,"3,504.00","3,511.30","3,460.00","3,511.30","3,470.00","3,467.20","3,469.72","3,867.00","2,925.00",2337255,"8,10,96,23,285.80",93982
18-Sep-2025,EQ,"3,530.00","3,546.00","3,503.40","3,523.00","3,511.50","3,511.30","3,521.66","3,867.00","2,925.00",829442,"2,92,10,15,504.50",61476
17-Sep-2025,EQ,"3,561.90","3,572.70","3,513.20","3,556.80","3,524.60","3,523.00","3,529.86","3,867.00","2,925.00",659866,"2,32,92,36,812.30",43888
16-Sep-2025,EQ,"3,525.00","3,570.30","3,502.00","3,534.10","3,560.00","3,556.80","3,534.51","3,867.00","2,925.00",724742,"2,56,16,11,250.40",55480
15-Sep-2025,EQ,"3,556.00","3,576.50","3,515.00","3,571.90","3,531.90","3,534.10","3,539.83","3,867.00","2,925.00",362285,"1,28,24,27,021.80",40232
12-Sep-2025,EQ,"3,589.90","3,598.20","3,563.90","3,584.20","3,565.50","3,571.90","3,579.92","3,867.00","2,925.00",275049,"98,46,53,378.10",37752
11-Sep-2025,EQ,"3,620.00","3,644.00","3,580.00","3,620.60","3,580.00","3,584.20","3,593.62","3,867.00","2,925.00",495417,"1,78,03,38,136.60",49299
10-Sep-2025,EQ,"3,632.00","3,648.70","3,608.20","3,630.10","3,619.80","3,620.60","3,619.53","3,867.00","2,925.00",408800,"1,47,96,65,847.10",34029
09-Sep-2025,EQ,"3,667.80","3,667.80","3,619.20","3,658.00","3,635.00","3,630.10","3,632.28","3,867.00","2,925.00",428367,"1,55,59,50,730.60",46263
08-Sep-2025,EQ,"3,653.00","3,683.60","3,640.00","3,665.30","3,669.00","3,658.00","3,664.66","3,867.00","2,925.00",548987,"2,01,18,51,119.10",44129
05-Sep-2025,EQ,"3,695.00","3,700.00","3,660.00","3,691.10","3,660.00","3,665.30","3,676.16","3,867.00","2,925.00",454120,"1,66,94,19,775.40",32055
04-Sep-2025,EQ,"3,740.00","3,740.00","3,676.80","3,690.60","3,678.00","3,691.10","3,696.04","3,867.00","2,925.00",635811,"2,34,99,80,953.50",52751
03-Sep-2025,EQ,"3,605.00","3,697.90","3,590.00","3,620.60","3,688.00","3,690.60","3,670.22","3,867.00","2,925.00",791874,"2,90,63,52,540.50",49550
02-Sep-2025,EQ,"3,614.00","3,655.80","3,606.10","3,618.60","3,612.20","3,620.60","3,631.36","3,867.00","2,925.00",536300,"1,94,74,98,068.70",48079
01-Sep-2025,EQ,"3,631.00","3,653.40","3,610.40","3,628.80","3,618.00","3,618.60","3,626.86","3,867.00","2,925.00",297533,"1,07,91,10,005.90",35574
29-Aug-2025,EQ,"3,637.70","3,642.00","3,603.60","3,637.70","3,620.20","3,628.80","3,620.90","3,867.00","2,925.00",660956,"2,39,32,58,462.90",68433
28-Aug-2025,EQ,"3,552.10","3,650.90","3,552.10","3,594.00","3,632.00","3,637.70","3,627.64","3,867.00","2,925.00",989246,"3,58,86,31,886.50",85608
26-Aug-2025,EQ,"3,662.80","3,672.80","3,589.10","3,651.40","3,599.00","3,594.00","3,619.30","3,867.00","2,925.00",960778,"3,47,73,40,332.80",71086
25-Aug-2025,EQ,"3,629.70","3,669.60","3,615.50","3,621.00","3,648.70","3,651.40","3,651.16","3,867.00","2,925.00",700503,"2,55,76,51,767.70",54278
22-Aug-2025,EQ,"3,616.30","3,641.40","3,607.70","3,616.30","3,618.90","3,621.00","3,621.48","3,867.00","2,925.00",691835,"2,50,54,67,151.90",38741
21-Aug-2025,EQ,"3,595.00","3,625.00","3,588.20","3,595.00","3,616.30","3,616.30","3,611.61","3,867.00","2,925.00",673486,"2,43,23,71,737.00",37233
20-Aug-2025,EQ,"3,560.00","3,602.90","3,552.00","3,568.10","3,591.30","3,595.00","3,584.84","3,867.00","2,925.00",517031,"1,85,34,74,152.90",50295
19-Aug-2025,EQ,"3,555.00","3,577.30","3,545.00","3,554.80","3,564.00","3,568.10","3,562.35","3,867.00","2,925.00",537433,"1,91,45,24,366.10",48431
18-Aug-2025,EQ,"3,496.00","3,574.80","3,493.50","3,489.40","3,554.10","3,554.80","3,540.47","3,867.00","2,925.00",1253006,"4,43,62,25,939.50",83655
14-Aug-2025,EQ,"3,476.50","3,505.80","3,464.10","3,466.80","3,485.00","3,489.40","3,487.21","3,867.00","2,925.00",597987,"2,08,53,06,432.30",48281
13-Aug-2025,EQ,"3,486.80","3,494.90","3,463.20","3,486.80","3,471.80","3,466.80","3,476.57","3,867.00","2,925.00",360474,"1,25,32,13,962.00",45421
12-Aug-2025,EQ,"3,467.90","3,534.00","3,460.10","3,467.90","3,485.00","3,486.80","3,503.83","3,867.00","2,925.00",929276,"3,25,60,25,233.00",76835
11-Aug-2025,EQ,"3,473.00","3,487.30","3,402.80","3,460.20","3,460.00","3,467.90","3,455.67","3,867.00","2,925.00",563586,"1,94,75,67,434.80",61427
08-Aug-2025,EQ,"3,450.10","3,489.80","3,403.10","3,415.70","3,466.70","3,460.20","3,456.71","3,867.00","2,925.00",2184271,"7,55,03,81,270.80",138094
07-Aug-2025,EQ,"3,380.00","3,437.00","3,377.70","3,417.70","3,402.00","3,415.70","3,409.15","3,867.00","2,925.00",509599,"1,73,72,97,483.00",49384
06-Aug-2025,EQ,"3,437.00","3,462.40","3,400.00","3,418.20","3,400.00","3,417.70","3,435.77","3,867.00","2,925.00",635456,"2,18,32,82,475.60",43079
05-Aug-2025,EQ,"3,356.30","3,443.00","3,348.00","3,356.30","3,424.00","3,418.20","3,405.18","3,867.00","2,925.00",837335,"2,85,12,77,681.80",77406
04-Aug-2025,EQ,"3,315.00","3,365.00","3,308.10","3,316.00","3,350.60","3,356.30","3,349.37","3,867.00","2,925.00",450434,"1,50,86,68,729.00",45684
01-Aug-2025,EQ,"3,340.00","3,347.30","3,307.00","3,347.30","3,313.00","3,316.00","3,325.94","3,867.00","2,925.00",422977,"1,40,67,95,580.80",46880
31-Jul-2025,EQ,"3,340.00","3,364.50","3,315.50","3,376.50","3,340.00","3,347.30","3,346.40","3,867.00","2,925.00",553157,"1,85,10,84,869.50",50336
30-Jul-2025,EQ,"3,380.00","3,393.50","3,345.30","3,379.20","3,371.00","3,376.50","3,366.98","3,867.00","2,925.00",443735,"1,49,40,46,001.20",48883
29-Jul-2025,EQ,"3,390.00","3,397.00","3,355.60","3,393.00","3,380.00","3,379.20","3,375.18","3,867.00","2,925.00",511042,"1,72,48,60,507.50",40529
28-Jul-2025,EQ,"3,453.00","3,462.60","3,382.00","3,462.80","3,385.00","3,393.00","3,407.88","3,867.00","2,925.00",603916,"2,05,80,75,882.50",61598
25-Jul-2025,EQ,"3,476.40","3,480.00","3,447.00","3,484.40","3,451.20","3,462.80","3,467.40","3,867.00","2,925.00",624410,"2,16,50,76,881.00",42642
24-Jul-2025,EQ,"3,467.40","3,489.80","3,458.00","3,471.40","3,476.30","3,484.40","3,480.44","3,867.00","2,925.00",630718,"2,19,51,74,989.90",41481
23-Jul-2025,EQ,"3,472.40","3,481.90","3,444.00","3,472.40","3,467.50","3,471.40","3,468.11","3,867.00","2,925.00",584590,"2,02,74,24,777.40",34275
22-Jul-2025,EQ,"3,450.00","3,490.00","3,430.30","3,433.00","3,469.50","3,472.40","3,470.55","3,867.00","2,925.00",1752275,"6,08,13,49,950.20",105404
21-Jul-2025,EQ,"3,391.00","3,439.10","3,365.20","3,402.90","3,428.00","3,433.00","3,413.52","3,867.00","2,925.00",561799,"1,91,77,13,994.90",53659
18-Jul-2025,EQ,"3,444.00","3,444.00","3,392.00","3,433.30","3,398.00","3,402.90","3,409.47","3,867.00","2,925.00",293360,"1,00,02,03,582.20",31622
17-Jul-2025,EQ,"3,418.40","3,448.00","3,416.50","3,417.30","3,429.90","3,433.30","3,435.39","3,867.00","2,925.00",559482,"1,92,20,41,447.00",44190
16-Jul-2025,EQ,"3,417.00","3,422.20","3,388.50","3,415.00","3,418.00","3,417.30","3,409.55","3,867.00","2,925.00",669532,"2,28,28,03,318.10",59314
15-Jul-2025,EQ,"3,418.00","3,422.00","3,387.70","3,404.70","3,416.00","3,415.00","3,408.76","3,867.00","2,925.00",686088,"2,33,87,08,389.10",59160
14-Jul-2025,EQ,"3,372.00","3,410.00","3,344.00","3,361.60","3,402.00","3,404.70","3,380.37","3,867.00","2,925.00",755781,"2,55,48,19,682.60",59598
11-Jul-2025,EQ,"3,408.00","3,422.20","3,357.00","3,419.80","3,361.00","3,361.60","3,384.57","3,867.00","2,925.00",856956,"2,90,04,30,166.60",79607
10-Jul-2025,EQ,"3,432.10","3,445.00","3,414.00","3,432.10","3,414.90","3,419.80","3,427.43","3,867.00","2,925.00",496586,"1,70,20,12,571.90",45487
09-Jul-2025,EQ,"3,441.30","3,461.50","3,420.60","3,441.30","3,431.00","3,432.10","3,436.17","3,867.00","2,925.00",1868271,"6,41,96,88,359.40",118992
08-Jul-2025,EQ,"3,581.80","3,581.80","3,435.00","3,666.10","3,440.00","3,441.30","3,472.97","3,867.00","2,925.00",3952270,"13,72,61,07,743.70",294383
07-Jul-2025,EQ,"3,675.50","3,696.00","3,647.90","3,686.90","3,670.00","3,666.10","3,664.83","3,867.00","2,925.00",829472,"3,03,98,73,515.80",65557
04-Jul-2025,EQ,"3,666.00","3,690.10","3,645.10","3,678.70","3,684.00","3,686.90","3,668.61","3,867.00","2,925.00",629926,"2,31,09,55,899.40",55072
03-Jul-2025,EQ,"3,702.00","3,712.90","3,672.20","3,708.00","3,684.00","3,678.70","3,690.25","3,867.00","2,925.00",528710,"1,95,10,71,711.20",64998
02-Jul-2025,EQ,"3,705.00","3,721.90","3,689.00","3,700.50","3,707.00","3,708.00","3,706.02","3,867.00","2,925.00",583514,"2,16,25,15,600.10",46027
01-Jul-2025,EQ,"3,699.00","3,726.50","3,667.00","3,690.20","3,697.00","3,700.50","3,703.30","3,867.00","2,925.00",947173,"3,50,76,61,875.60",67562
30-Jun-2025,EQ,"3,666.20","3,698.50","3,652.00","3,666.20","3,688.00","3,690.20","3,680.66","3,867.00","2,925.00",921775,"3,39,27,36,425.00",79644
27-Jun-2025,EQ,"3,700.00","3,709.10","3,659.50","3,694.70","3,669.50","3,666.20","3,673.76","3,867.00","2,925.00",601285,"2,20,89,73,974.60",67828
26-Jun-2025,EQ,"3,655.00","3,700.50","3,644.00","3,652.20","3,694.60","3,694.70","3,680.02","3,867.00","2,925.00",1620497,"5,96,34,60,137.40",88763
25-Jun-2025,EQ,"3,550.00","3,665.00","3,550.00","3,526.00","3,655.00","3,652.20","3,632.71","3,867.00","2,925.00",2697912,"9,80,07,22,482.30",148940
24-Jun-2025,EQ,"3,523.10","3,567.00","3,506.10","3,505.70","3,539.00","3,526.00","3,534.12","3,867.00","2,925.00",968797,"3,42,38,48,127.30",98270
23-Jun-2025,EQ,"3,480.20","3,528.50","3,473.00","3,519.00","3,502.90","3,505.70","3,495.86","3,867.00","2,925.00",643325,"2,24,89,75,836.00",47761
20-Jun-2025,EQ,"3,500.00","3,545.00","3,489.00","3,505.40","3,510.40","3,519.00","3,519.36","3,867.00","2,925.00",2941214,"10,35,11,90,183.90",114378
19-Jun-2025,EQ,"3,478.80","3,521.60","3,467.80","3,467.80","3,500.20","3,505.40","3,505.53","3,867.00","2,925.00",1022566,"3,58,46,37,805.90",85489
18-Jun-2025,EQ,"3,406.00","3,480.00","3,390.00","3,405.70","3,478.80","3,467.80","3,438.07","3,867.00","2,925.00",972739,"3,34,43,41,902.60",70473
17-Jun-2025,EQ,"3,428.00","3,437.60","3,395.40","3,438.10","3,406.40","3,405.70","3,409.47","3,867.00","2,925.00",1000345,"3,41,06,41,806.10",74325
16-Jun-2025,EQ,"3,411.00","3,453.70","3,396.20","3,421.90","3,437.10","3,438.10","3,431.65","3,867.00","2,925.00",534665,"1,83,47,80,596.10",45834
13-Jun-2025,EQ,"3,409.70","3,440.80","3,383.00","3,452.70","3,420.00","3,421.90","3,421.14","3,867.00","2,925.00",821750,"2,81,13,25,479.60",55825
12-Jun-2025,EQ,"3,548.00","3,559.80","3,445.50","3,541.60","3,448.90","3,452.70","3,488.45","3,867.00","2,925.00",811822,"2,83,20,04,470.30",68748
11-Jun-2025,EQ,"3,525.00","3,549.00","3,505.00","3,524.20","3,534.70","3,541.60","3,525.77","3,867.00","2,925.00",505077,"1,78,07,84,441.60",44670
10-Jun-2025,EQ,"3,545.00","3,545.00","3,506.10","3,533.90","3,523.80","3,524.20","3,523.84","3,867.00","2,925.00",561695,"1,97,93,21,023.50",56305
09-Jun-2025,EQ,"3,564.80","3,580.00","3,521.20","3,559.90","3,533.90","3,533.90","3,542.12","3,867.00","2,925.00",540262,"1,91,36,74,011.20",56193
06-Jun-2025,EQ,"3,524.00","3,570.90","3,486.20","3,504.00","3,561.90","3,559.90","3,541.14","3,867.00","2,925.00",602422,"2,13,32,63,196.40",44834
05-Jun-2025,EQ,"3,498.70","3,535.00","3,474.20","3,499.80","3,502.40","3,504.00","3,504.79","3,867.00","2,925.00",608651,"2,13,31,96,612.40",56202
04-Jun-2025,EQ,"3,506.10","3,519.80","3,486.00","3,519.80","3,498.70","3,499.80","3,501.24","3,867.00","2,925.00",410354,"1,43,67,47,340.50",38244
03-Jun-2025,EQ,"3,525.50","3,580.00","3,503.50","3,525.50","3,521.00","3,519.80","3,524.65","3,867.00","2,925.00",676943,"2,38,59,84,927.60",65935
02-Jun-2025,EQ,"3,525.10","3,542.00","3,475.90","3,555.00","3,534.90","3,525.50","3,512.05","3,867.00","2,925.00",726392,"2,55,11,24,749.70",53984
30-May-2025,EQ,"3,580.00","3,605.00","3,542.10","3,588.30","3,550.00","3,555.00","3,564.53","3,867.00","2,925.00",962944,"3,43,24,46,825.50",49315
29-May-2025,EQ,"3,580.00","3,600.00","3,560.10","3,574.70","3,600.00","3,588.30","3,582.16","3,867.00","2,925.00",513095,"1,83,79,89,558.50",40146
28-May-2025,EQ,"3,595.00","3,601.60","3,545.00","3,589.40","3,572.00","3,574.70","3,571.58","3,867.00","2,925.00",449324,"1,60,47,97,879.40",36449
27-May-2025,EQ,"3,615.00","3,639.00","3,562.20","3,610.30","3,589.60","3,589.40","3,588.33","3,867.00","2,925.00",1019733,"3,65,91,37,821.50",113185
26-May-2025,EQ,"3,576.00","3,640.00","3,570.40","3,579.70","3,614.40","3,610.30","3,610.92","3,867.00","2,925.00",525514,"1,89,75,87,778.80",58759
23-May-2025,EQ,"3,531.00","3,606.30","3,523.00","3,541.00","3,579.00","3,579.70","3,576.65","3,867.00","2,925.00",416717,"1,49,04,48,831.00",40811
22-May-2025,EQ,"3,565.00","3,575.00","3,516.10","3,580.50","3,550.80","3,541.00","3,540.38","3,867.00","2,925.00",709846,"2,51,31,21,336.50",57639
21-May-2025,EQ,"3,570.00","3,623.10","3,567.30","3,580.60","3,584.00","3,580.50","3,588.62","3,867.00","2,925.00",415016,"1,48,93,35,907.20",35704
20-May-2025,EQ,"3,617.70","3,620.00","3,575.10","3,617.70","3,579.40","3,580.60","3,593.71","3,867.00","2,925.00",811416,"2,91,59,91,036.40",63401
19-May-2025,EQ,"3,617.00","3,649.50","3,611.40","3,633.70","3,612.00","3,617.70","3,627.37","3,867.00","2,925.00",376760,"1,36,66,48,570.10",50988
16-May-2025,EQ,"3,654.00","3,655.90","3,613.40","3,636.80","3,633.20","3,633.70","3,630.78","3,867.00","2,925.00",525064,"1,90,63,89,308.60",40579
15-May-2025,EQ,"3,597.00","3,665.00","3,553.90","3,587.60","3,628.80","3,636.80","3,619.48","3,867.00","2,925.00",1227751,"4,44,38,14,864.60",98154
14-May-2025,EQ,"3,555.00","3,610.00","3,550.00","3,563.20","3,585.20","3,587.60","3,586.87","3,867.00","2,925.00",588159,"2,10,96,52,660.90",49709
13-May-2025,EQ,"3,562.90","3,588.40","3,540.10","3,562.90","3,556.00","3,563.20","3,561.60","3,867.00","2,925.00",996541,"3,54,92,80,743.30",91133
12-May-2025,EQ,"3,537.20","3,585.00","3,530.30","3,510.30","3,567.00","3,562.90","3,561.90","3,867.00","2,925.00",956930,"3,40,84,90,656.70",79243
09-May-2025,EQ,"3,367.00","3,530.00","3,354.20","3,369.30","3,509.90","3,510.30","3,496.81","3,867.00","2,925.00",2863992,"10,01,48,33,930.60",204685
08-May-2025,EQ,"3,349.90","3,412.50","3,325.00","3,338.90","3,345.00","3,369.30","3,373.34","3,867.00","2,925.00",1597339,"5,38,83,67,799.20",111344
07-May-2025,EQ,"3,280.00","3,381.00","3,260.20","3,299.30","3,338.00","3,338.90","3,332.39","3,867.00","2,925.00",1047443,"3,49,04,92,196.10",69814
06-May-2025,EQ,"3,321.80","3,325.30","3,245.50","3,321.80","3,291.00","3,299.30","3,281.15","3,867.00","2,925.00",650789,"2,13,53,39,392.10",63207
05-May-2025,EQ,"3,357.70","3,408.50","3,307.00","3,341.00","3,315.00","3,321.80","3,350.37","3,867.00","2,925.00",565178,"1,89,35,54,061.90",51968
02-May-2025,EQ,"3,362.10","3,381.50","3,324.00","3,379.70","3,330.00","3,341.00","3,350.10","3,867.00","2,925.00",668467,"2,23,94,31,081.30",80561
30-Apr-2025,EQ,"3,374.00","3,409.00","3,354.30","3,378.60","3,356.30","3,379.70","3,386.38","3,867.00","2,925.00",708818,"2,40,03,28,199.20",56811
29-Apr-2025,EQ,"3,375.90","3,398.00","3,354.00","3,369.10","3,375.20","3,378.60","3,378.78","3,867.00","2,925.00",575435,"1,94,42,70,229.70",57300
28-Apr-2025,EQ,"3,356.00","3,397.40","3,351.00","3,365.20","3,369.90","3,369.10","3,374.56","3,867.00","2,925.00",384147,"1,29,63,25,533.10",44189
25-Apr-2025,EQ,"3,382.60","3,419.50","3,316.00","3,382.60","3,357.00","3,365.20","3,364.77","3,867.00","2,925.00",704325,"2,36,98,89,835.80",56990
24-Apr-2025,EQ,"3,356.80","3,395.00","3,344.00","3,357.30","3,387.00","3,382.60","3,374.40","3,867.00","2,925.00",901747,"3,04,28,53,754.40",55946
23-Apr-2025,EQ,"3,357.00","3,373.70","3,315.50","3,337.40","3,350.30","3,357.30","3,347.94","3,867.00","2,925.00",628656,"2,10,47,01,302.50",57955
22-Apr-2025,EQ,"3,336.10","3,358.80","3,320.10","3,336.10","3,341.30","3,337.40","3,337.73","3,867.00","2,925.00",609213,"2,03,33,87,516.90",53198
21-Apr-2025,EQ,"3,314.00","3,353.50","3,290.00","3,327.50","3,345.00","3,336.10","3,329.40","3,867.00","2,925.00",672129,"2,23,77,88,941.10",65177
17-Apr-2025,EQ,"3,250.00","3,334.80","3,211.20","3,272.10","3,322.00","3,327.50","3,288.54","3,867.00","2,925.00",1083612,"3,56,34,98,012.80",98982
16-Apr-2025,EQ,"3,250.00","3,286.00","3,245.10","3,273.40","3,269.70","3,272.10","3,268.42","3,867.00","2,925.00",889943,"2,90,87,11,519.60",90706
15-Apr-2025,EQ,"3,270.00","3,285.00","3,245.10","3,234.90","3,271.00","3,273.40","3,271.44","3,867.00","2,925.00",1121769,"3,66,98,03,668.10",79464
11-Apr-2025,EQ,"3,222.00","3,242.55","3,201.25","3,174.15","3,234.00","3,234.90","3,226.11","3,867.00","2,925.00",814920,"2,62,90,19,827.55",80813
09-Apr-2025,EQ,"3,137.85","3,188.25","3,090.70","3,122.30","3,178.95","3,174.15","3,161.41","3,867.00","2,925.00",1215988,"3,84,42,40,464.05",144003
08-Apr-2025,EQ,"3,149.70","3,227.25","3,101.00","3,022.20","3,124.35","3,122.30","3,148.82","3,867.00","2,925.00",2830156,"8,91,16,41,410.85",187521
07-Apr-2025,EQ,"2,925.00","3,048.00","2,925.00","3,076.20","3,046.10","3,022.20","2,996.48","3,867.00","2,925.00",1378989,"4,13,21,19,551.30",120442
04-Apr-2025,EQ,"3,099.00","3,114.90","3,050.00","3,127.55","3,078.00","3,076.20","3,083.14","3,867.00","2,971.15",901801,"2,78,03,82,869.15",53461
03-Apr-2025,EQ,"3,071.00","3,151.00","3,068.00","3,098.45","3,125.00","3,127.55","3,129.58","3,867.00","2,971.15",1115568,"3,49,12,60,055.15",68566
02-Apr-2025,EQ,"3,011.00","3,105.00","2,971.15","2,986.95","3,102.30","3,098.45","3,057.30","3,867.00","2,971.15",1674921,"5,12,07,33,421.55",88599
01-Apr-2025,EQ,"3,053.70","3,075.70","2,982.00","3,063.35","2,988.45","2,986.95","3,008.79","3,867.00","2,982.00",1068622,"3,21,52,55,258.05",101127
28-Mar-2025,EQ,"3,094.00","3,111.80","3,051.05","3,087.65","3,062.00","3,063.35","3,079.14","3,867.00","2,985.05",778417,"2,39,68,56,499.80",64248
27-Mar-2025,EQ,"3,047.55","3,097.70","3,047.55","3,057.50","3,091.40","3,087.65","3,079.63","3,867.00","2,985.05",1635143,"5,03,56,42,166.10",92761
26-Mar-2025,EQ,"3,068.95","3,077.75","3,034.55","3,053.70","3,060.00","3,057.50","3,058.36","3,867.00","2,985.05",1010449,"3,09,03,21,629.80",85568
25-Mar-2025,EQ,"3,085.00","3,099.95","3,046.00","3,079.10","3,048.30","3,053.70","3,067.41","3,867.00","2,985.05",1174346,"3,60,21,99,434.75",105972
24-Mar-2025,EQ,"3,168.20","3,175.95","3,075.00","3,162.70","3,076.00","3,079.10","3,091.72","3,867.00","2,985.05",1481216,"4,57,95,12,412.50",122732
21-Mar-2025,EQ,"3,186.95","3,190.00","3,154.95","3,193.10","3,166.75","3,162.70","3,168.29","3,867.00","2,985.05",1181974,"3,74,48,34,772.90",88848
20-Mar-2025,EQ,"3,100.00","3,205.00","3,080.00","3,076.30","3,183.05","3,193.10","3,170.04","3,867.00","2,985.05",1542807,"4,89,07,60,482.45",118687
19-Mar-2025,EQ,"3,088.05","3,095.00","3,058.20","3,081.70","3,077.00","3,076.30","3,074.13","3,867.00","2,985.05",730983,"2,24,71,33,157.55",63305
18-Mar-2025,EQ,"3,030.75","3,088.00","3,015.40","3,017.35","3,088.00","3,081.70","3,061.34","3,867.00","2,985.05",865951,"2,65,09,73,987.65",83506
17-Mar-2025,EQ,"2,985.05","3,036.40","2,985.05","3,010.15","3,016.40","3,017.35","3,015.38","3,867.00","2,985.05",632348,"1,90,67,71,489.35",57116
13-Mar-2025,EQ,"3,019.40","3,049.50","3,000.30","3,018.95","3,005.00","3,010.15","3,017.81","3,867.00","2,996.05",785215,"2,36,96,28,694.85",73946
12-Mar-2025,EQ,"3,037.40","3,053.80","2,996.05","3,046.40","3,019.35","3,018.95","3,022.00","3,867.00","2,996.05",489535,"1,47,93,75,521.15",70066
11-Mar-2025,EQ,"3,015.00","3,055.90","3,010.00","3,026.80","3,053.90","3,046.40","3,040.14","3,867.00","3,010.00",576260,"1,75,19,09,672.55",59513
10-Mar-2025,EQ,"3,080.00","3,083.00","3,021.10","3,079.35","3,027.60","3,026.80","3,041.98","3,867.00","3,017.00",855408,"2,60,21,33,629.50",86076
07-Mar-2025,EQ,"3,121.10","3,124.60","3,074.65","3,121.10","3,080.00","3,079.35","3,092.27","3,867.00","3,017.00",1020056,"3,15,42,84,650.15",59320
06-Mar-2025,EQ,"3,091.20","3,131.65","3,047.00","3,086.55","3,125.00","3,121.10","3,086.41","3,867.00","3,017.00",1399483,"4,31,93,71,944.80",105110
05-Mar-2025,EQ,"3,048.50","3,107.45","3,035.70","3,048.50","3,092.15","3,086.55","3,084.07","3,867.00","3,017.00",579883,"1,78,83,97,632.10",57473
04-Mar-2025,EQ,"3,050.00","3,070.00","3,017.00","3,082.00","3,048.95","3,048.50","3,036.72","3,867.00","3,017.00",1186136,"3,60,19,57,875.55",115832
03-Mar-2025,EQ,"3,090.00","3,102.10","3,057.75","3,077.25","3,082.55","3,082.00","3,081.14","3,867.00","3,055.65",516171,"1,59,03,96,127.15",77522
28-Feb-2025,EQ,"3,202.00","3,217.95","3,060.00","3,223.10","3,087.00","3,077.25","3,100.15","3,867.00","3,055.65",1322618,"4,10,03,14,628.40",119307
27-Feb-2025,EQ,"3,198.80","3,228.00","3,176.95","3,198.80","3,225.00","3,223.10","3,207.40","3,867.00","3,055.65",604023,"1,93,73,40,769.10",62303
25-Feb-2025,EQ,"3,140.00","3,211.50","3,136.55","3,173.00","3,200.75","3,198.80","3,191.57","3,867.00","3,055.65",642281,"2,04,98,83,941.20",69880
24-Feb-2025,EQ,"3,131.00","3,187.95","3,131.00","3,179.90","3,172.00","3,173.00","3,172.49","3,867.00","3,055.65",431232,"1,36,80,77,841.35",63117